{"stats":{"minecraft:custom":{"minecraft:mob_kills":80,"minecraft:inspect_hopper":2,"minecraft:interact_with_crafting_table":29,"minecraft:open_barrel":28,"minecraft:interact_with_campfire":4,"minecraft:leave_game":4,"minecraft:time_since_death":29174,"minecraft:climb_one_cm":5426,"minecraft:sprint_one_cm":587391,"minecraft:damage_blocked_by_shield":277,"minecraft:walk_one_cm":337627,"minecraft:drop":89,"minecraft:talked_to_villager":1,"minecraft:play_time":170470,"minecraft:deaths":71,"minecraft:sneak_time":9023,"minecraft:walk_under_water_one_cm":5940,"minecraft:boat_one_cm":144188,"minecraft:jump":4478,"minecraft:walk_on_water_one_cm":6276,"minecraft:total_world_time":170470,"minecraft:interact_with_furnace":4,"minecraft:play_record":2,"minecraft:tune_noteblock":3,"minecraft:interact_with_stonecutter":1,"minecraft:sleep_in_bed":4,"minecraft:time_since_rest":24290,"minecraft:waystone_activated":1,"minecraft:damage_taken":24405,"minecraft:damage_absorbed":90,"minecraft:damage_dealt":19182,"twilightforest:life_charms_activated":1,"minecraft:swim_one_cm":35193,"minecraft:fly_one_cm":849546,"minecraft:open_chest":114,"minecraft:crouch_one_cm":22565,"minecraft:fall_one_cm":138409,"minecraft:inspect_dispenser":4},"minecraft:crafted":{"minecraft:wooden_sword":1,"minecraft:oak_planks":160,"minecraft:jukebox":1,"minecraft:furnace":1,"minecraft:bow":1,"minecraft:leather":4,"minecraft:iron_axe":2,"minecraft:stone_pickaxe":1,"backpacked:backpack":1,"alexsmobs:kangaroo_burger":2,"minecraft:crafting_table":9,"minecraft:wooden_pickaxe":1,"alexsmobs:cooked_kangaroo_meat":8,"minecraft:iron_sword":1,"minecraft:stone_axe":1,"minecraft:air":0,"minecraft:oak_boat":2,"alexsmobs:maraca":1,"minecraft:shield":1,"minecraft:stick":36,"minecraft:iron_pickaxe":1,"minecraft:wooden_axe":1,"minecraft:acacia_planks":188,"minecraft:torch":24},"minecraft:picked_up":{"minecraft:wooden_axe":2,"minecraft:crafting_table":3,"alexsmobs:maraca":1,"illagerinvasion:platinum_chunk":9,"minecraft:chicken":1,"minecraft:wooden_pickaxe":1,"spawnersplus:spawner_fragment":8,"farmersdelight:cutting_board":3,"minecraft:string":6,"minecraft:raw_copper":3,"minecraft:cooked_salmon":1,"minecraft:cyan_carpet":16,"farmersdelight:beef_patty":2,"minecraft:bucket":1,"minecraft:music_disc_otherside":2,"minecraft:beef":10,"minecraft:oak_boat":1,"minecraft:player_head":6,"farmersdelight:canvas_rug":2,"minecraft:chest":1,"minecraft:stick":1,"minecraft:stripped_crimson_hyphae":1,"minecraft:raw_gold_block":7,"minecraft:jukebox":2,"bygonenether:cobbled_blackstone":3,"farmersdelight:minced_beef":4,"minecraft:torch":4,"minecraft:spruce_stairs":15,"farmersdelight:tomato_seeds":1,"minecraft:goat_horn":1,"minecraft:orange_bed":7,"minecraft:arrow":102,"minecraft:stone_shovel":1,"minecraft:cooked_cod":1,"farmersdelight:oak_cabinet":2,"alexsmobs:kangaroo_meat":15,"minecraft:cobblestone":39,"minecraft:magma_block":3,"farmersdelight:rich_soil":1,"minecraft:air":2,"minecraft:cooked_beef":4,"minecraft:birch_slab":1,"minecraft:leather":2,"minecraft:potato":1,"farmersdelight:bacon":2,"minecraft:oak_log":38,"supplementaries:flax_seeds":1,"farmersdelight:cooked_bacon":2,"alexsmobs:cooked_kangaroo_meat":2,"farmersdelight:skillet":4,"minecraft:bone":51,"minecraft:acacia_planks":15,"minecraft:stone_bricks":2,"minecraft:bell":1,"minecraft:rabbit_hide":3,"minecraft:rabbit":4,"twigs:twig":8,"minecraft:oak_planks":14,"minecraft:dark_oak_stairs":4,"minecraft:book":21,"minecraft:chiseled_stone_bricks":4,"minecraft:sand":2,"minecraft:blast_furnace":1,"minecraft:green_carpet":2,"alexsmobs:kangaroo_hide":12,"minecraft:stone_axe":2,"alexsmobs:rattlesnake_rattle":1,"minecraft:emerald":22,"minecraft:terracotta":3,"minecraft:oak_sapling":5},"minecraft:mined":{"farmersdelight:rich_soil":1,"farmersdelight:canvas_rug":2,"minecraft:chiseled_bookshelf":2,"minecraft:stripped_crimson_hyphae":1,"minecraft:birch_slab":1,"minecraft:sandstone":3,"amendments:skull_pile":1,"minecraft:chiseled_stone_bricks":4,"minecraft:spawner":12,"minecraft:magma_block":3,"minecraft:raw_gold_block":7,"minecraft:pink_concrete":1,"minecraft:dark_oak_stairs":4,"minecraft:bell":1,"minecraft:bookshelf":3,"minecraft:potatoes":1,"minecraft:green_carpet":4,"minecraft:stone":32,"minecraft:player_head":2,"minecraft:orange_bed":7,"minecraft:blackstone":3,"minecraft:player_wall_head":1,"minecraft:crafting_table":3,"delightful:pumpkin_pie":2,"minecraft:blast_furnace":1,"minecraft:chest":1,"minecraft:dead_bush":1,"supplementaries:wild_flax":1,"minecraft:copper_ore":1,"minecraft:cobblestone":7,"farmersdelight:wild_tomatoes":1,"minecraft:oak_planks":12,"farmersdelight:oak_cabinet":2,"minecraft:spruce_stairs":12,"farmersdelight:skillet":4,"farmersdelight:cutting_board":4,"minecraft:jukebox":2,"minecraft:grass":1,"minecraft:oak_log":44,"minecraft:cyan_carpet":16,"minecraft:sand":2,"minecraft:cobweb":2,"minecraft:terracotta":3,"minecraft:acacia_planks":15,"minecraft:stone_bricks":3,"minecraft:daylight_detector":1},"minecraft:killed_by":{"minecraft:pillager":58,"cataclysm:deepling":1,"minecraft:skeleton":12},"minecraft:used":{"minecraft:music_disc_otherside":2,"minecraft:acacia_log":16,"minecraft:shield":3,"minecraft:iron_sword":70,"farmersdelight:rich_soil":1,"minecraft:bell":1,"minecraft:cooked_salmon":1,"minecraft:player_head":3,"minecraft:iron_chestplate":1,"minecraft:orange_bed":7,"minecraft:torch":24,"alexsmobs:maraca":415,"minecraft:spruce_stairs":9,"alexsmobs:cooked_kangaroo_meat":8,"farmersdelight:beef_patty":2,"minecraft:wooden_axe":58,"minecraft:iron_axe":165,"minecraft:iron_boots":1,"alexsmobs:kangaroo_burger":1,"minecraft:stone_bricks":2,"supplementaries:bomb_blue":1,"minecraft:diamond_chestplate":1,"farmersdelight:cutting_board":1,"minecraft:magma_block":2,"minecraft:bow":12,"minecraft:goat_horn":10,"minecraft:furnace":1,"minecraft:cooked_cod":1,"minecraft:cooked_beef":4,"minecraft:acacia_planks":193,"bygonenether:cobbled_blackstone":2,"minecraft:dark_oak_stairs":1,"minecraft:water_bucket":1,"farmersdelight:skillet":5,"minecraft:stone_pickaxe":25,"minecraft:oak_planks":66,"minecraft:wooden_pickaxe":22,"minecraft:ender_pearl":7,"minecraft:sandstone":24,"minecraft:golden_apple":3,"minecraft:sand":1,"minecraft:crafting_table":13,"supplementaries:bomb":3,"minecraft:oak_log":15,"minecraft:birch_slab":1,"minecraft:bread":49,"minecraft:iron_pickaxe":45,"minecraft:stone_axe":89,"minecraft:chiseled_stone_bricks":1,"minecraft:wooden_sword":2,"farmersdelight:cooked_bacon":2,"minecraft:cobblestone":18,"minecraft:stripped_crimson_hyphae":1,"minecraft:oak_boat":2,"minecraft:jukebox":2,"minecraft:diamond_leggings":1},"minecraft:killed":{"minecraft:spider":1,"minecraft:vindicator":1,"alexsmobs:rattlesnake":1,"minecraft:skeleton":25,"friendsandfoes:mauler":1,"alexsmobs:kangaroo":12,"minecraft:rabbit":4,"minecraft:creeper":1,"alexsmobs:emu":1,"minecraft:pillager":19,"minecraft:zombie":5,"minecraft:cow":4},"minecraft:broken":{"minecraft:golden_boots":1,"minecraft:iron_axe":1},"minecraft:dropped":{"minecraft:golden_boots":1,"minecraft:iron_sword":1,"supplementaries:bamboo_spikes":1,"minecraft:oak_log":1,"minecraft:ender_pearl":2,"minecraft:cobblestone":7,"minecraft:crossbow":1,"farmersdelight:canvas_rug":2,"minecraft:spruce_stairs":6,"alexsmobs:maraca":1,"minecraft:stick":9,"minecraft:emerald":2,"bygonenether:cobbled_blackstone":1,"illagerinvasion:platinum_chunk":8,"alexsmobs:kangaroo_burger":1,"minecraft:wooden_axe":4,"minecraft:wooden_sword":1,"minecraft:pumpkin_pie":2,"minecraft:gold_nugget":13,"minecraft:iron_leggings":1,"minecraft:green_carpet":2,"minecraft:sand":1,"minecraft:string":3,"minecraft:acacia_planks":13,"twigs:twig":4,"minecraft:cyan_carpet":16,"spawnersplus:spawner_fragment":4,"minecraft:bone":14,"minecraft:stone_axe":4,"minecraft:goat_horn":2,"minecraft:player_head":2,"alexsmobs:acacia_blossom":1,"minecraft:raw_copper":3,"supplementaries:bomb":3,"biomesoplenty:rainbow_birch_sapling":1,"minecraft:stone_shovel":1,"minecraft:chicken":1,"minecraft:iron_boots":1,"minecraft:red_terracotta":1,"alexsmobs:kangaroo_hide":1,"minecraft:chiseled_stone_bricks":3,"minecraft:potato":1,"supplementaries:flax_seeds":1,"minecraft:oak_sapling":3,"minecraft:acacia_sapling":3,"minecraft:chest":1,"biomesoplenty:orange_sandstone":3,"minecraft:bow":2,"minecraft:arrow":18,"minecraft:wooden_pickaxe":4,"crabbersdelight:clawster":1,"minecraft:terracotta":2}},"DataVersion":3465}