{"stats":{"minecraft:custom":{"minecraft:interact_with_crafting_table":31,"minecraft:open_barrel":35,"minecraft:leave_game":4,"minecraft:time_since_death":101174,"minecraft:sprint_one_cm":853672,"minecraft:damage_blocked_by_shield":277,"minecraft:drop":125,"minecraft:talked_to_villager":1,"minecraft:play_time":242470,"minecraft:deaths":71,"minecraft:jump":6753,"minecraft:walk_on_water_one_cm":14599,"minecraft:interact_with_furnace":4,"minecraft:play_record":4,"minecraft:sleep_in_bed":4,"minecraft:waystone_activated":1,"minecraft:damage_dealt":26815,"minecraft:crouch_one_cm":36029,"minecraft:inspect_dispenser":4,"minecraft:mob_kills":128,"minecraft:inspect_hopper":2,"minecraft:interact_with_campfire":4,"minecraft:damage_dealt_resisted":34,"minecraft:climb_one_cm":12123,"minecraft:walk_one_cm":473455,"minecraft:sneak_time":13280,"minecraft:walk_under_water_one_cm":8564,"minecraft:boat_one_cm":144188,"minecraft:interact_with_lectern":2,"minecraft:total_world_time":242470,"minecraft:tune_noteblock":3,"minecraft:interact_with_stonecutter":1,"minecraft:time_since_rest":96290,"minecraft:damage_absorbed":337,"minecraft:damage_taken":26541,"twilightforest:life_charms_activated":1,"minecraft:swim_one_cm":72625,"minecraft:fly_one_cm":1295301,"minecraft:open_chest":150,"minecraft:fall_one_cm":217582},"minecraft:crafted":{"delightful:cantaloupe_slice":3,"minecraft:oak_planks":180,"minecraft:bow":1,"minecraft:crafting_table":10,"minecraft:wooden_pickaxe":1,"minecraft:shield":1,"minecraft:stick":36,"quark:oak_chest":2,"minecraft:iron_pickaxe":1,"biomesoplenty:palm_planks":36,"minecraft:wooden_sword":1,"minecraft:jukebox":1,"minecraft:furnace":1,"minecraft:leather":4,"minecraft:iron_axe":2,"minecraft:stone_pickaxe":1,"backpacked:backpack":1,"alexsmobs:kangaroo_burger":4,"biomesoplenty:dead_planks":32,"alexsmobs:cooked_kangaroo_meat":8,"minecraft:iron_sword":1,"minecraft:stone_axe":1,"minecraft:glowstone":13,"minecraft:air":0,"minecraft:oak_boat":2,"alexsmobs:maraca":1,"minecraft:wooden_axe":1,"minecraft:acacia_planks":188,"minecraft:torch":24},"minecraft:picked_up":{"minecraft:wooden_axe":2,"alexsmobs:maraca":1,"minecraft:black_carpet":1,"illagerinvasion:platinum_chunk":9,"minecraft:smithing_table":1,"spawnersplus:spawner_fragment":8,"minecraft:golden_sword":2,"farmersdelight:cutting_board":4,"minecraft:string":10,"minecraft:raw_copper":3,"minecraft:cooked_salmon":1,"minecraft:gold_nugget":1,"minecraft:bucket":1,"delightful:acorn":3,"minecraft:calcite":1,"minecraft:iron_pickaxe":1,"minecraft:stick":1,"minecraft:jukebox":3,"minecraft:torch":4,"minecraft:spruce_stairs":15,"minecraft:goat_horn":1,"minecraft:orange_bed":7,"minecraft:rotten_flesh":5,"farmersdelight:oak_cabinet":2,"supplementaries:ash":2,"delightful:cantaloupe_seeds":1,"minecraft:cobblestone":39,"minecraft:magma_block":4,"minecraft:feather":4,"minecraft:cooked_beef":4,"minecraft:birch_slab":1,"minecraft:potato":1,"farmersdelight:bacon":2,"farmersdelight:cooked_bacon":2,"delightful:cantaloupe":1,"supplementaries:flax_seeds":1,"alexsmobs:cooked_kangaroo_meat":7,"minecraft:bone":58,"minecraft:acacia_planks":15,"minecraft:bow":1,"minecraft:bell":1,"minecraft:rabbit":4,"aether:book_of_lore":1,"minecraft:glowstone_dust":54,"twigs:twig":16,"minecraft:oak_planks":14,"minecraft:sand":2,"minecraft:ink_sac":9,"alexsmobs:kangaroo_hide":12,"minecraft:sugar":2,"alexsmobs:rattlesnake_rattle":1,"aether:swet_ball":4,"minecraft:emerald":22,"minecraft:bread":4,"minecraft:oak_sapling":19,"minecraft:crafting_table":3,"minecraft:chicken":1,"minecraft:wooden_pickaxe":1,"minecraft:cooked_rabbit":3,"minecraft:cyan_carpet":16,"farmersdelight:beef_patty":2,"minecraft:music_disc_otherside":3,"minecraft:beef":10,"minecraft:oak_boat":1,"minecraft:player_head":8,"delightful:cantaloupe_slice":3,"minecraft:chest":1,"farmersdelight:canvas_rug":2,"minecraft:egg":1,"minecraft:stripped_crimson_hyphae":1,"minecraft:raw_gold_block":7,"bygonenether:cobbled_blackstone":3,"aether:golden_parachute":1,"farmersdelight:minced_beef":4,"farmersdelight:tomato_seeds":1,"minecraft:stone_shovel":1,"minecraft:arrow":109,"minecraft:cooked_cod":1,"alexsmobs:kangaroo_meat":16,"mowziesmobs:umvuthana_mask_fury":1,"farmersdelight:rich_soil":1,"minecraft:air":5,"minecraft:leather":2,"minecraft:oak_log":70,"minecraft:ancient_debris":5,"minecraft:cobblestone_stairs":1,"farmersdelight:skillet":5,"farmersdelight:flint_knife":1,"minecraft:apple":2,"minecraft:stone_bricks":2,"mowziesmobs:foliaath_seed":1,"minecraft:rabbit_hide":3,"minecraft:iron_sword":1,"minecraft:dark_oak_stairs":4,"minecraft:book":21,"minecraft:chiseled_stone_bricks":4,"minecraft:gravel":1,"minecraft:blast_furnace":2,"minecraft:green_carpet":2,"minecraft:spider_eye":1,"minecraft:stone_axe":2,"minecraft:terracotta":3},"minecraft:mined":{"farmersdelight:rich_soil":1,"minecraft:cobblestone_stairs":1,"alexsmobs:leafcutter_anthill":1,"farmersdelight:canvas_rug":2,"minecraft:stripped_crimson_hyphae":1,"minecraft:chiseled_stone_bricks":4,"minecraft:spawner":13,"minecraft:magma_block":4,"minecraft:glowstone":18,"minecraft:fire":5,"minecraft:black_carpet":1,"minecraft:dark_oak_stairs":4,"minecraft:green_carpet":4,"minecraft:player_head":2,"minecraft:orange_bed":7,"minecraft:blackstone":3,"minecraft:player_wall_head":1,"delightful:pumpkin_pie":2,"minecraft:blast_furnace":2,"minecraft:calcite":1,"minecraft:chest":1,"minecraft:dead_bush":1,"supplementaries:wild_flax":1,"minecraft:cobblestone":10,"minecraft:oak_planks":12,"farmersdelight:cutting_board":5,"minecraft:jukebox":3,"minecraft:stone_brick_stairs":1,"minecraft:grass":12,"minecraft:oak_log":77,"minecraft:sand":2,"twigs:rhyolite":1,"minecraft:daylight_detector":1,"minecraft:chiseled_bookshelf":2,"delightful:cantaloupe_plant":1,"alexsmobs:leafcutter_ant_chamber":1,"minecraft:birch_slab":1,"minecraft:sandstone":3,"amendments:skull_pile":1,"minecraft:hay_block":1,"minecraft:raw_gold_block":7,"minecraft:pink_concrete":1,"minecraft:bell":1,"minecraft:bookshelf":3,"minecraft:potatoes":1,"biomesoplenty:brimstone_bud":1,"minecraft:stone":32,"minecraft:smithing_table":1,"minecraft:crafting_table":3,"minecraft:copper_ore":1,"biomesoplenty:sprout":1,"farmersdelight:wild_tomatoes":1,"farmersdelight:oak_cabinet":2,"minecraft:spruce_stairs":12,"farmersdelight:skillet":5,"minecraft:coarse_dirt":1,"minecraft:cyan_carpet":16,"minecraft:gravel":1,"minecraft:cobweb":6,"minecraft:cracked_stone_bricks":1,"minecraft:terracotta":3,"minecraft:acacia_planks":15,"minecraft:stone_bricks":6,"minecraft:mossy_stone_bricks":2,"minecraft:fern":1},"minecraft:killed_by":{"minecraft:pillager":58,"cataclysm:deepling":1,"minecraft:skeleton":12},"minecraft:used":{"minecraft:shield":3,"minecraft:iron_sword":173,"minecraft:bell":1,"minecraft:player_head":3,"minecraft:iron_chestplate":1,"minecraft:obsidian":13,"minecraft:stone_bricks":2,"supplementaries:bomb_blue":1,"minecraft:bow":28,"farmersdelight:cutting_board":3,"minecraft:magma_block":4,"minecraft:furnace":1,"minecraft:cooked_cod":1,"minecraft:egg":1,"bygonenether:cobbled_blackstone":2,"minecraft:dark_oak_stairs":1,"minecraft:stone_pickaxe":25,"minecraft:oak_planks":114,"minecraft:ender_pearl":12,"minecraft:wooden_pickaxe":22,"minecraft:sandstone":24,"minecraft:golden_apple":11,"minecraft:sand":1,"biomesoplenty:dead_planks":32,"minecraft:birch_slab":1,"minecraft:bread":78,"minecraft:gravel":1,"minecraft:wooden_sword":2,"minecraft:cooked_rabbit":3,"minecraft:oak_boat":2,"minecraft:music_disc_otherside":3,"minecraft:acacia_log":16,"farmersdelight:rich_soil":1,"minecraft:cooked_salmon":6,"minecraft:orange_bed":7,"minecraft:torch":51,"alexsmobs:maraca":415,"minecraft:spruce_stairs":9,"alexsmobs:cooked_kangaroo_meat":8,"farmersdelight:beef_patty":2,"minecraft:wooden_axe":58,"minecraft:iron_axe":213,"minecraft:iron_boots":1,"alexsmobs:kangaroo_burger":2,"minecraft:diamond_chestplate":1,"minecraft:glowstone":10,"minecraft:goat_horn":11,"minecraft:cooked_beef":4,"minecraft:acacia_planks":194,"minecraft:water_bucket":1,"minecraft:cobblestone_stairs":1,"farmersdelight:skillet":7,"minecraft:crafting_table":14,"supplementaries:bomb":3,"minecraft:oak_log":16,"minecraft:iron_pickaxe":81,"minecraft:music_disc_blocks":1,"biomesoplenty:palm_planks":26,"minecraft:stone_axe":89,"minecraft:chiseled_stone_bricks":1,"farmersdelight:cooked_bacon":2,"minecraft:cobblestone":18,"minecraft:stripped_crimson_hyphae":1,"aether:golden_parachute":12,"mowziesmobs:umvuthana_mask_fury":1,"minecraft:bucket":1,"quark:oak_chest":2,"minecraft:jukebox":4,"minecraft:diamond_leggings":1},"minecraft:killed":{"minecraft:cave_spider":2,"minecraft:spider":6,"minecraft:skeleton":34,"alexsmobs:leafcutter_ant":2,"aether:blue_swet":1,"alexsmobs:kangaroo":12,"minecraft:piglin":2,"minecraft:creeper":2,"minecraft:pillager":19,"minecraft:zombie":7,"alexsmobs:cachalot_whale":1,"minecraft:cow":4,"minecraft:vindicator":1,"alexsmobs:rattlesnake":1,"friendsandfoes:mauler":1,"minecraft:husk":4,"minecraft:rabbit":4,"mowziesmobs:umvuthana_follower_raptor":4,"alexsmobs:rhinoceros":1,"minecraft:hoglin":2,"alexsmobs:emu":1,"alexsmobs:crocodile":1},"minecraft:broken":{"minecraft:golden_boots":1,"minecraft:iron_axe":1},"minecraft:dropped":{"minecraft:iron_sword":2,"aether:golden_parachute":1,"minecraft:oak_log":1,"minecraft:ender_pearl":2,"minecraft:crossbow":1,"aether:swet_ball":4,"farmersdelight:canvas_rug":2,"delightful:cantaloupe_seeds":1,"minecraft:emerald":2,"alexsmobs:kangaroo_burger":1,"minecraft:gold_nugget":14,"minecraft:wooden_sword":1,"minecraft:pumpkin_pie":2,"minecraft:sand":1,"minecraft:iron_pickaxe":1,"minecraft:sugar":2,"minecraft:cyan_carpet":16,"twigs:twig":12,"spawnersplus:spawner_fragment":4,"minecraft:bone":14,"delightful:cantaloupe_slice":6,"minecraft:stone_axe":4,"minecraft:goat_horn":2,"minecraft:black_carpet":1,"biomesoplenty:rainbow_birch_sapling":1,"minecraft:rotten_flesh":4,"minecraft:oak_planks":1,"minecraft:glowstone_dust":2,"minecraft:golden_shovel":1,"alexsmobs:kangaroo_hide":1,"minecraft:chiseled_stone_bricks":3,"supplementaries:flax_seeds":1,"minecraft:chest":1,"minecraft:acacia_sapling":3,"minecraft:arrow":22,"crabbersdelight:clawster":1,"minecraft:water_bucket":1,"minecraft:golden_boots":1,"minecraft:bread":4,"supplementaries:bamboo_spikes":1,"minecraft:golden_horse_armor":1,"mowziesmobs:foliaath_seed":1,"minecraft:cobblestone":7,"minecraft:spruce_stairs":6,"alexsmobs:maraca":1,"minecraft:stick":9,"bygonenether:cobbled_blackstone":1,"illagerinvasion:platinum_chunk":8,"minecraft:ink_sac":9,"minecraft:wooden_axe":4,"minecraft:green_carpet":2,"minecraft:iron_leggings":1,"minecraft:string":3,"minecraft:acacia_planks":13,"alexsmobs:acacia_blossom":1,"minecraft:player_head":5,"minecraft:raw_copper":3,"supplementaries:bomb":3,"minecraft:stone_shovel":1,"minecraft:chicken":1,"minecraft:iron_boots":1,"minecraft:red_terracotta":1,"minecraft:potato":1,"farmersdelight:flint_knife":1,"minecraft:oak_sapling":17,"minecraft:golden_sword":2,"biomesoplenty:orange_sandstone":3,"minecraft:bow":2,"minecraft:wooden_pickaxe":4,"minecraft:calcite":1,"minecraft:terracotta":2}},"DataVersion":3465}