{"stats":{"minecraft:picked_up":{"biomesoplenty:toadstool":1,"minecraft:crafting_table":2,"illagerinvasion:platinum_chunk":1,"minecraft:torch":1,"minecraft:jungle_planks":2,"biomesoplenty:fir_sapling":8,"biomesoplenty:fir_log":31,"minecraft:porkchop":10,"minecraft:crimson_planks":3,"minecraft:purple_terracotta":1,"minecraft:dirt":23,"minecraft:dark_prismarine":1,"minecraft:arrow":1,"twigs:opaline_seashell":1,"biomesoplenty:fir_planks":1,"minecraft:emerald":1,"twigs:twig":4,"delightful:green_tea_leaf":2,"minecraft:snowball":10,"minecraft:cobblestone":30},"minecraft:killed_by":{"minecraft:vindicator":2},"minecraft:used":{"minecraft:wooden_axe":35,"minecraft:bread":3,"minecraft:stone_pickaxe":12,"minecraft:wooden_pickaxe":22,"biomesoplenty:fir_planks":3,"minecraft:stone_axe":23,"minecraft:torch":1,"minecraft:dirt":23,"minecraft:cobblestone":2,"minecraft:crafting_table":4,"minecraft:furnace":1,"minecraft:cooked_porkchop":2},"minecraft:crafted":{"biomesoplenty:fir_planks":32,"minecraft:cooked_porkchop":6,"minecraft:crafting_table":2,"minecraft:stick":12,"minecraft:wooden_pickaxe":1,"minecraft:stone_pickaxe":1,"minecraft:wooden_axe":1,"minecraft:furnace":1,"minecraft:stone_axe":1,"minecraft:air":0},"minecraft:mined":{"minecraft:dark_prismarine":1,"minecraft:infested_stone_bricks":1,"minecraft:ice":2,"biomesoplenty:fir_log":30,"minecraft:crafting_table":2,"minecraft:purple_terracotta":2,"minecraft:grass_block":1,"biomesoplenty:fir_planks":1,"minecraft:jungle_planks":2,"minecraft:dirt":9,"minecraft:crimson_planks":3,"minecraft:stone":29,"twigs:opaline_seashell":1},"minecraft:custom":{"minecraft:time_since_rest":507,"minecraft:interact_with_furnace":6,"minecraft:sprint_one_cm":58749,"minecraft:damage_taken":1020,"minecraft:walk_one_cm":44445,"minecraft:mob_kills":11,"minecraft:drop":5,"minecraft:damage_dealt":2021,"twilightforest:life_charms_activated":1,"minecraft:open_barrel":1,"minecraft:swim_one_cm":14236,"minecraft:interact_with_crafting_table":8,"minecraft:fly_one_cm":101959,"minecraft:deaths":2,"minecraft:crouch_one_cm":3074,"minecraft:play_time":19466,"minecraft:sneak_time":1145,"minecraft:walk_under_water_one_cm":9334,"minecraft:jump":390,"minecraft:time_since_death":472,"minecraft:walk_on_water_one_cm":4368,"minecraft:total_world_time":19466,"minecraft:fall_one_cm":6134,"minecraft:inspect_dispenser":3},"minecraft:dropped":{"biomesoplenty:fir_log":1,"biomesoplenty:toadstool":1,"minecraft:torch":1,"minecraft:wooden_axe":1,"minecraft:wooden_pickaxe":1},"minecraft:killed":{"minecraft:pillager":3,"minecraft:zombie":1,"minecraft:pig":4,"minecraft:silverfish":3}},"DataVersion":3465}