{"stats":{"minecraft:custom":{"minecraft:time_since_rest":4200,"minecraft:waystone_activated":1,"minecraft:crouch_one_cm":152,"minecraft:play_time":4200,"minecraft:sprint_one_cm":11947,"minecraft:walk_one_cm":9198,"minecraft:sneak_time":17,"minecraft:walk_under_water_one_cm":88,"minecraft:mob_kills":5,"minecraft:drop":1,"minecraft:jump":131,"minecraft:damage_dealt":620,"minecraft:time_since_death":4200,"minecraft:walk_on_water_one_cm":237,"minecraft:total_world_time":4200,"minecraft:swim_one_cm":352,"minecraft:fall_one_cm":3553,"minecraft:interact_with_crafting_table":1,"minecraft:fly_one_cm":36798},"minecraft:mined":{"minecraft:grass":1,"minecraft:oak_log":4,"minecraft:crafting_table":1},"minecraft:killed":{"alexsmobs:kangaroo":1,"minecraft:cow":4},"minecraft:crafted":{"minecraft:oak_planks":16,"minecraft:crafting_table":1,"minecraft:stick":4,"minecraft:wooden_axe":1},"minecraft:dropped":{"minecraft:oak_log":1},"minecraft:used":{"minecraft:wooden_axe":10,"minecraft:crafting_table":1},"minecraft:picked_up":{"minecraft:crafting_table":1,"alexsmobs:kangaroo_hide":1,"minecraft:leather":2,"minecraft:beef":10,"minecraft:oak_log":5,"alexsmobs:kangaroo_meat":1}},"DataVersion":3465}