{"stats":{"minecraft:killed_by":{"minecraft:pillager":2,"cataclysm:deepling":1},"minecraft:custom":{"minecraft:mob_kills":26,"minecraft:interact_with_crafting_table":14,"minecraft:open_barrel":12,"minecraft:interact_with_campfire":4,"minecraft:time_since_death":726,"minecraft:climb_one_cm":4898,"minecraft:sprint_one_cm":181199,"minecraft:walk_one_cm":111927,"minecraft:drop":27,"minecraft:talked_to_villager":1,"minecraft:play_time":64200,"minecraft:deaths":3,"minecraft:sneak_time":912,"minecraft:walk_under_water_one_cm":5940,"minecraft:boat_one_cm":144188,"minecraft:jump":2106,"minecraft:walk_on_water_one_cm":6276,"minecraft:total_world_time":64200,"minecraft:interact_with_furnace":4,"minecraft:play_record":1,"minecraft:interact_with_stonecutter":1,"minecraft:sleep_in_bed":2,"minecraft:time_since_rest":752,"minecraft:waystone_activated":1,"minecraft:damage_taken":2185,"minecraft:damage_absorbed":10,"minecraft:damage_dealt":4615,"twilightforest:life_charms_activated":1,"minecraft:swim_one_cm":35193,"minecraft:fly_one_cm":490968,"minecraft:open_chest":17,"minecraft:crouch_one_cm":2156,"minecraft:fall_one_cm":67230},"minecraft:mined":{"farmersdelight:rich_soil":1,"farmersdelight:canvas_rug":2,"minecraft:chiseled_bookshelf":2,"amendments:skull_pile":1,"minecraft:chiseled_stone_bricks":4,"minecraft:spawner":3,"minecraft:magma_block":1,"minecraft:raw_gold_block":7,"minecraft:bell":1,"minecraft:bookshelf":3,"minecraft:potatoes":1,"minecraft:green_carpet":1,"minecraft:stone":14,"minecraft:player_head":2,"minecraft:orange_bed":2,"minecraft:blackstone":3,"minecraft:player_wall_head":1,"minecraft:crafting_table":3,"minecraft:blast_furnace":1,"supplementaries:wild_flax":1,"farmersdelight:wild_tomatoes":1,"farmersdelight:oak_cabinet":2,"farmersdelight:skillet":1,"farmersdelight:cutting_board":3,"minecraft:jukebox":1,"minecraft:grass":1,"minecraft:oak_log":39,"minecraft:sand":2,"minecraft:cobweb":2,"minecraft:terracotta":1,"minecraft:stone_bricks":3},"minecraft:killed":{"minecraft:vindicator":1,"alexsmobs:rattlesnake":1,"minecraft:skeleton":2,"friendsandfoes:mauler":1,"alexsmobs:kangaroo":7,"minecraft:rabbit":4,"minecraft:creeper":1,"minecraft:pillager":2,"minecraft:zombie":3,"minecraft:cow":4},"minecraft:crafted":{"minecraft:wooden_sword":1,"minecraft:oak_planks":104,"minecraft:jukebox":1,"minecraft:furnace":1,"minecraft:leather":4,"minecraft:stone_pickaxe":1,"backpacked:backpack":1,"alexsmobs:kangaroo_burger":2,"minecraft:crafting_table":6,"minecraft:wooden_pickaxe":1,"alexsmobs:cooked_kangaroo_meat":8,"minecraft:stone_axe":1,"minecraft:air":0,"minecraft:oak_boat":2,"alexsmobs:maraca":1,"minecraft:stick":20,"minecraft:iron_pickaxe":1,"minecraft:wooden_axe":1},"minecraft:dropped":{"minecraft:oak_log":1,"alexsmobs:maraca":1,"minecraft:emerald":1,"bygonenether:cobbled_blackstone":1,"alexsmobs:kangaroo_burger":1,"minecraft:wooden_axe":1,"minecraft:wooden_sword":1,"minecraft:sand":1,"minecraft:string":3,"twigs:twig":4,"minecraft:bone":6,"minecraft:stone_axe":1,"minecraft:goat_horn":1,"minecraft:player_head":2,"biomesoplenty:rainbow_birch_sapling":1,"minecraft:red_terracotta":1,"alexsmobs:kangaroo_hide":1,"minecraft:chiseled_stone_bricks":3,"supplementaries:flax_seeds":1,"minecraft:potato":1,"minecraft:acacia_sapling":3,"minecraft:bow":1,"minecraft:arrow":2,"minecraft:wooden_pickaxe":1},"minecraft:used":{"minecraft:music_disc_otherside":1,"farmersdelight:rich_soil":1,"minecraft:bell":1,"minecraft:player_head":3,"minecraft:orange_bed":1,"alexsmobs:maraca":410,"alexsmobs:cooked_kangaroo_meat":8,"minecraft:wooden_axe":22,"minecraft:stone_bricks":2,"minecraft:furnace":1,"minecraft:goat_horn":7,"minecraft:cooked_beef":4,"bygonenether:cobbled_blackstone":2,"minecraft:water_bucket":1,"minecraft:stone_pickaxe":18,"minecraft:wooden_pickaxe":17,"minecraft:golden_apple":1,"minecraft:sand":1,"minecraft:crafting_table":9,"minecraft:oak_log":4,"minecraft:bread":7,"minecraft:iron_pickaxe":8,"minecraft:stone_axe":84,"minecraft:chiseled_stone_bricks":1,"minecraft:wooden_sword":2,"farmersdelight:cooked_bacon":2,"minecraft:oak_boat":2,"minecraft:jukebox":1},"minecraft:picked_up":{"minecraft:crafting_table":3,"alexsmobs:maraca":1,"minecraft:chicken":1,"spawnersplus:spawner_fragment":2,"farmersdelight:cutting_board":3,"minecraft:string":6,"minecraft:bucket":1,"minecraft:music_disc_otherside":1,"minecraft:beef":10,"minecraft:oak_boat":1,"minecraft:player_head":6,"farmersdelight:canvas_rug":2,"minecraft:raw_gold_block":7,"minecraft:jukebox":1,"bygonenether:cobbled_blackstone":3,"farmersdelight:minced_beef":4,"minecraft:torch":3,"farmersdelight:tomato_seeds":1,"minecraft:orange_bed":2,"minecraft:arrow":2,"farmersdelight:oak_cabinet":2,"alexsmobs:kangaroo_meat":10,"minecraft:cobblestone":14,"farmersdelight:rich_soil":1,"minecraft:magma_block":1,"minecraft:cooked_beef":4,"minecraft:leather":2,"minecraft:potato":1,"farmersdelight:bacon":2,"minecraft:oak_log":33,"supplementaries:flax_seeds":1,"farmersdelight:cooked_bacon":2,"alexsmobs:cooked_kangaroo_meat":2,"farmersdelight:skillet":1,"minecraft:bone":4,"minecraft:stone_bricks":2,"minecraft:bell":1,"minecraft:rabbit_hide":3,"minecraft:rabbit":4,"twigs:twig":8,"minecraft:book":21,"minecraft:chiseled_stone_bricks":4,"minecraft:sand":2,"minecraft:blast_furnace":1,"alexsmobs:kangaroo_hide":9,"minecraft:stone_axe":1,"alexsmobs:rattlesnake_rattle":1,"minecraft:emerald":3,"minecraft:terracotta":1,"minecraft:oak_sapling":5}},"DataVersion":3465}