{"stats":{"minecraft:killed_by":{"minecraft:pillager":1},"minecraft:custom":{"minecraft:interact_with_furnace":4,"minecraft:mob_kills":20,"minecraft:interact_with_crafting_table":9,"minecraft:open_barrel":12,"minecraft:interact_with_campfire":4,"minecraft:interact_with_stonecutter":1,"minecraft:time_since_death":8828,"minecraft:sleep_in_bed":2,"minecraft:climb_one_cm":4406,"minecraft:time_since_rest":8857,"minecraft:waystone_activated":1,"minecraft:sprint_one_cm":129703,"minecraft:damage_absorbed":10,"minecraft:damage_taken":1322,"minecraft:walk_one_cm":87777,"minecraft:drop":20,"minecraft:damage_dealt":3331,"twilightforest:life_charms_activated":1,"minecraft:swim_one_cm":14545,"minecraft:fly_one_cm":331640,"minecraft:open_chest":12,"minecraft:crouch_one_cm":2142,"minecraft:play_time":40200,"minecraft:deaths":1,"minecraft:sneak_time":794,"minecraft:walk_under_water_one_cm":2232,"minecraft:jump":1458,"minecraft:walk_on_water_one_cm":2181,"minecraft:total_world_time":40200,"minecraft:fall_one_cm":48192},"minecraft:mined":{"farmersdelight:rich_soil":1,"minecraft:blackstone":3,"minecraft:player_wall_head":1,"minecraft:crafting_table":3,"minecraft:chiseled_bookshelf":2,"minecraft:blast_furnace":1,"amendments:skull_pile":1,"minecraft:chiseled_stone_bricks":4,"minecraft:spawner":3,"minecraft:raw_gold_block":7,"minecraft:bell":1,"minecraft:grass":1,"minecraft:bookshelf":3,"minecraft:oak_log":36,"minecraft:sand":1,"minecraft:green_carpet":1,"minecraft:cobweb":2,"minecraft:terracotta":1,"minecraft:stone_bricks":3,"minecraft:stone":14,"minecraft:player_head":2,"minecraft:orange_bed":2},"minecraft:killed":{"minecraft:rabbit":4,"minecraft:vindicator":1,"alexsmobs:rattlesnake":1,"minecraft:pillager":1,"minecraft:zombie":1,"friendsandfoes:mauler":1,"alexsmobs:kangaroo":7,"minecraft:cow":4},"minecraft:crafted":{"minecraft:wooden_sword":1,"minecraft:oak_planks":36,"minecraft:crafting_table":3,"minecraft:wooden_pickaxe":1,"alexsmobs:cooked_kangaroo_meat":8,"minecraft:furnace":1,"minecraft:stone_axe":1,"minecraft:air":0,"alexsmobs:maraca":1,"minecraft:leather":4,"minecraft:stick":20,"minecraft:iron_pickaxe":1,"minecraft:stone_pickaxe":1,"minecraft:wooden_axe":1,"backpacked:backpack":1},"minecraft:dropped":{"minecraft:stone_axe":1,"minecraft:goat_horn":1,"minecraft:player_head":2,"minecraft:oak_log":1,"biomesoplenty:rainbow_birch_sapling":1,"minecraft:red_terracotta":1,"alexsmobs:maraca":1,"alexsmobs:kangaroo_hide":1,"minecraft:emerald":1,"minecraft:chiseled_stone_bricks":3,"bygonenether:cobbled_blackstone":1,"minecraft:wooden_axe":1,"minecraft:wooden_sword":1,"minecraft:sand":1,"minecraft:wooden_pickaxe":1,"minecraft:string":3,"twigs:twig":4,"minecraft:bone":4},"minecraft:used":{"minecraft:water_bucket":1,"minecraft:stone_pickaxe":15,"minecraft:wooden_pickaxe":17,"farmersdelight:rich_soil":1,"minecraft:bell":1,"minecraft:player_head":3,"minecraft:orange_bed":1,"minecraft:golden_apple":1,"alexsmobs:maraca":349,"minecraft:crafting_table":5,"alexsmobs:cooked_kangaroo_meat":7,"minecraft:oak_log":4,"minecraft:wooden_axe":22,"minecraft:bread":3,"minecraft:iron_pickaxe":8,"minecraft:stone_bricks":2,"minecraft:stone_axe":63,"minecraft:chiseled_stone_bricks":1,"minecraft:wooden_sword":2,"minecraft:goat_horn":1,"minecraft:furnace":1,"minecraft:cooked_beef":4,"bygonenether:cobbled_blackstone":2},"minecraft:picked_up":{"farmersdelight:rich_soil":1,"alexsmobs:maraca":1,"minecraft:crafting_table":3,"minecraft:cooked_beef":4,"minecraft:leather":2,"minecraft:oak_log":30,"spawnersplus:spawner_fragment":2,"minecraft:string":6,"minecraft:bone":2,"minecraft:stone_bricks":2,"minecraft:bucket":1,"minecraft:bell":1,"minecraft:rabbit_hide":3,"minecraft:beef":10,"minecraft:player_head":6,"minecraft:rabbit":4,"twigs:twig":8,"minecraft:book":21,"minecraft:raw_gold_block":7,"bygonenether:cobbled_blackstone":3,"minecraft:chiseled_stone_bricks":4,"minecraft:torch":3,"minecraft:sand":1,"minecraft:blast_furnace":1,"minecraft:orange_bed":2,"alexsmobs:kangaroo_hide":9,"minecraft:stone_axe":1,"alexsmobs:rattlesnake_rattle":1,"minecraft:emerald":1,"minecraft:terracotta":1,"minecraft:oak_sapling":5,"alexsmobs:kangaroo_meat":10,"minecraft:cobblestone":14}},"DataVersion":3465}