{"stats":{"minecraft:picked_up":{"minecraft:crafting_table":2,"twigs:opaline_seashell":1,"biomesoplenty:fir_planks":1,"biomesoplenty:fir_sapling":8,"biomesoplenty:fir_log":28,"minecraft:porkchop":10,"twigs:twig":4,"delightful:green_tea_leaf":2,"minecraft:cobblestone":25},"minecraft:crafted":{"biomesoplenty:fir_planks":20,"minecraft:stone_axe":1,"minecraft:crafting_table":1,"minecraft:stick":8,"minecraft:wooden_pickaxe":1,"minecraft:stone_pickaxe":1,"minecraft:wooden_axe":1},"minecraft:used":{"minecraft:stone_axe":1,"minecraft:wooden_axe":35,"minecraft:torch":1,"minecraft:cobblestone":1,"minecraft:crafting_table":2,"minecraft:stone_pickaxe":3,"minecraft:wooden_pickaxe":22,"biomesoplenty:fir_planks":3},"minecraft:mined":{"biomesoplenty:fir_planks":1,"minecraft:stone":25,"twigs:opaline_seashell":1,"biomesoplenty:fir_log":27,"minecraft:crafting_table":2},"minecraft:custom":{"minecraft:time_since_rest":7466,"minecraft:crouch_one_cm":1108,"minecraft:play_time":7466,"minecraft:sprint_one_cm":25906,"minecraft:walk_one_cm":15517,"minecraft:sneak_time":482,"minecraft:mob_kills":4,"minecraft:drop":1,"minecraft:jump":140,"minecraft:damage_dealt":400,"minecraft:time_since_death":7466,"minecraft:total_world_time":7466,"minecraft:fall_one_cm":3044,"minecraft:interact_with_crafting_table":4,"minecraft:fly_one_cm":35278},"minecraft:dropped":{"biomesoplenty:fir_log":1},"minecraft:killed":{"minecraft:pig":4}},"DataVersion":3465}