{"stats":{"minecraft:custom":{"minecraft:interact_with_furnace":4,"minecraft:mob_kills":18,"minecraft:interact_with_crafting_table":7,"minecraft:open_barrel":11,"minecraft:interact_with_campfire":4,"minecraft:time_since_death":28200,"minecraft:sleep_in_bed":2,"minecraft:climb_one_cm":4350,"minecraft:time_since_rest":3685,"minecraft:waystone_activated":1,"minecraft:sprint_one_cm":81757,"minecraft:damage_taken":652,"minecraft:walk_one_cm":62983,"minecraft:drop":11,"minecraft:damage_dealt":2662,"minecraft:swim_one_cm":7332,"minecraft:fly_one_cm":245693,"minecraft:open_chest":5,"minecraft:crouch_one_cm":551,"minecraft:play_time":28200,"minecraft:sneak_time":264,"minecraft:walk_under_water_one_cm":1565,"minecraft:jump":1043,"minecraft:walk_on_water_one_cm":1286,"minecraft:total_world_time":28200,"minecraft:fall_one_cm":36865},"minecraft:mined":{"minecraft:blackstone":3,"minecraft:player_wall_head":1,"minecraft:crafting_table":2,"minecraft:chiseled_bookshelf":2,"minecraft:blast_furnace":1,"amendments:skull_pile":1,"minecraft:spawner":1,"minecraft:bell":1,"minecraft:grass":1,"minecraft:bookshelf":3,"minecraft:oak_log":36,"minecraft:sand":1,"minecraft:green_carpet":1,"minecraft:cobweb":2,"minecraft:stone":14,"minecraft:player_head":2,"minecraft:orange_bed":2},"minecraft:killed":{"minecraft:rabbit":4,"minecraft:vindicator":1,"alexsmobs:rattlesnake":1,"minecraft:pillager":1,"friendsandfoes:mauler":1,"alexsmobs:kangaroo":6,"minecraft:cow":4},"minecraft:crafted":{"minecraft:wooden_sword":1,"minecraft:oak_planks":24,"minecraft:crafting_table":1,"minecraft:wooden_pickaxe":1,"alexsmobs:cooked_kangaroo_meat":8,"minecraft:furnace":1,"minecraft:stone_axe":1,"minecraft:air":0,"alexsmobs:maraca":1,"minecraft:leather":3,"minecraft:stick":12,"minecraft:stone_pickaxe":1,"minecraft:wooden_axe":1},"minecraft:dropped":{"minecraft:stone_axe":1,"minecraft:oak_log":1,"biomesoplenty:rainbow_birch_sapling":1,"minecraft:red_terracotta":1,"minecraft:emerald":1,"bygonenether:cobbled_blackstone":1,"minecraft:sand":1,"minecraft:string":3,"twigs:twig":4,"minecraft:bone":4},"minecraft:used":{"minecraft:water_bucket":1,"minecraft:stone_pickaxe":5,"minecraft:wooden_pickaxe":17,"minecraft:bell":1,"minecraft:player_head":3,"minecraft:orange_bed":1,"alexsmobs:maraca":207,"minecraft:crafting_table":3,"alexsmobs:cooked_kangaroo_meat":4,"minecraft:oak_log":4,"minecraft:wooden_axe":22,"minecraft:bread":3,"minecraft:stone_axe":55,"minecraft:wooden_sword":2,"minecraft:furnace":1,"minecraft:cooked_beef":4,"bygonenether:cobbled_blackstone":2},"minecraft:picked_up":{"minecraft:crafting_table":2,"minecraft:cooked_beef":4,"minecraft:leather":2,"minecraft:oak_log":30,"spawnersplus:spawner_fragment":1,"minecraft:string":6,"minecraft:bone":2,"minecraft:bucket":1,"minecraft:bell":1,"minecraft:rabbit_hide":3,"minecraft:beef":10,"minecraft:player_head":5,"minecraft:rabbit":4,"twigs:twig":8,"minecraft:book":21,"bygonenether:cobbled_blackstone":3,"minecraft:sand":1,"minecraft:blast_furnace":1,"minecraft:orange_bed":2,"alexsmobs:kangaroo_hide":7,"minecraft:stone_axe":1,"alexsmobs:rattlesnake_rattle":1,"minecraft:emerald":1,"minecraft:oak_sapling":5,"alexsmobs:kangaroo_meat":8,"minecraft:cobblestone":14}},"DataVersion":3465}