{"stats":{"minecraft:picked_up":{"minecraft:crafting_table":2,"illagerinvasion:platinum_chunk":7,"minecraft:smithing_table":2,"minecraft:crimson_planks":4,"spawnersplus:spawner_fragment":1,"minecraft:string":5,"minecraft:wooden_sword":1,"minecraft:zombie_head":1,"minecraft:white_carpet":1,"minecraft:purple_banner":1,"twigs:opaline_seashell":1,"biomesoplenty:fir_planks":5,"minecraft:spruce_planks":10,"minecraft:beef":2,"delightful:green_tea_leaf":4,"minecraft:furnace":1,"minecraft:stick":1,"minecraft:torch":1,"minecraft:porkchop":10,"minecraft:diorite":6,"minecraft:purple_terracotta":1,"minecraft:arrow":17,"minecraft:rotten_flesh":4,"minecraft:totem_of_undying":2,"minecraft:iron_bars":4,"minecraft:skeleton_skull":1,"minecraft:snowball":27,"minecraft:cobblestone":31,"biomesoplenty:fir_sapling":17,"biomesoplenty:fir_log":63,"minecraft:dirt":23,"minecraft:bone":5,"minecraft:grindstone":1,"twigs:twig":12,"biomesoplenty:toadstool":1,"minecraft:jungle_planks":2,"minecraft:ink_sac":4,"minecraft:blast_furnace":1,"minecraft:dark_prismarine":1,"minecraft:crossbow":2,"alexsmobs:moose_ribs":4,"minecraft:emerald":23,"minecraft:bread":1,"minecraft:coal":1,"minecraft:wooden_axe":1,"minecraft:ender_pearl":1},"minecraft:killed_by":{"alexsmobs:cachalot_whale":1,"minecraft:vindicator":2,"alexsmobs:moose":2},"minecraft:used":{"minecraft:spruce_planks":8,"minecraft:shield":1,"minecraft:torch":1,"minecraft:dirt":23,"minecraft:snowball":17,"minecraft:wooden_axe":35,"minecraft:diamond_chestplate":2,"minecraft:furnace":2,"minecraft:cooked_beef":2,"minecraft:stone_pickaxe":16,"minecraft:oak_planks":4,"minecraft:wooden_pickaxe":22,"biomesoplenty:fir_planks":36,"minecraft:crafting_table":5,"minecraft:blast_furnace":1,"minecraft:crossbow":4,"minecraft:diamond_pickaxe":8,"minecraft:apple":3,"everycomp:q/biomesoplenty/fir_chest":1,"minecraft:bread":7,"minecraft:stone_axe":101,"alexsmobs:cooked_moose_ribs":3,"minecraft:diamond_sword":158,"minecraft:cobblestone":17,"minecraft:cooked_porkchop":10,"minecraft:smithing_table":2,"biomesoplenty:fir_log":1,"minecraft:splash_potion":1,"minecraft:experience_bottle":2},"minecraft:crafted":{"minecraft:wooden_sword":1,"minecraft:oak_planks":16,"minecraft:furnace":1,"minecraft:diamond_helmet":1,"minecraft:diamond_leggings":2,"illagerinvasion:platinum_sheet":1,"minecraft:stone_pickaxe":1,"minecraft:diamond_boots":3,"minecraft:chainmail_leggings":8,"minecraft:cooked_beef":2,"everycomp:q/biomesoplenty/fir_chest":1,"blue_skies:blue_journal":1,"minecraft:diamond_sword":1,"minecraft:emerald":12,"minecraft:cooked_porkchop":10,"minecraft:crafting_table":3,"minecraft:wooden_pickaxe":1,"minecraft:iron_helmet":10,"alexsmobs:cooked_moose_ribs":4,"minecraft:chainmail_chestplate":1,"minecraft:stone_axe":1,"minecraft:air":0,"biomesoplenty:fir_planks":120,"minecraft:diamond_pickaxe":1,"minecraft:shield":1,"minecraft:stick":16,"minecraft:wooden_axe":2,"minecraft:diamond_chestplate":2},"minecraft:mined":{"minecraft:dark_prismarine":1,"minecraft:spruce_planks":12,"minecraft:purple_terracotta":2,"minecraft:grass_block":1,"minecraft:jungle_planks":2,"minecraft:spawner":1,"minecraft:furnace":1,"minecraft:iron_bars":5,"minecraft:stone":29,"twigs:opaline_seashell":1,"minecraft:smithing_table":2,"minecraft:infested_stone_bricks":1,"minecraft:powder_snow":51,"minecraft:crafting_table":2,"minecraft:blast_furnace":1,"biomesoplenty:fir_planks":5,"minecraft:cobblestone":1,"minecraft:grindstone":1,"minecraft:skeleton_skull":1,"minecraft:ice":2,"minecraft:white_carpet":1,"biomesoplenty:fir_log":70,"minecraft:zombie_head":1,"minecraft:dirt":9,"minecraft:crimson_planks":4,"minecraft:cobweb":3},"minecraft:custom":{"minecraft:interact_with_smithing_table":4,"minecraft:mob_kills":66,"minecraft:interact_with_crafting_table":16,"minecraft:open_barrel":11,"minecraft:time_since_death":29804,"minecraft:climb_one_cm":9764,"minecraft:sprint_one_cm":186489,"minecraft:walk_one_cm":144579,"minecraft:damage_blocked_by_shield":40,"minecraft:drop":49,"minecraft:talked_to_villager":38,"minecraft:play_time":67466,"minecraft:deaths":5,"minecraft:sneak_time":2495,"minecraft:walk_under_water_one_cm":13656,"minecraft:jump":1546,"minecraft:interact_with_brewingstand":2,"minecraft:interact_with_blast_furnace":2,"minecraft:walk_on_water_one_cm":6677,"minecraft:total_world_time":67466,"minecraft:interact_with_furnace":14,"minecraft:traded_with_villager":39,"minecraft:sleep_in_bed":1,"minecraft:time_since_rest":29833,"minecraft:damage_taken":3052,"minecraft:damage_dealt":12737,"twilightforest:life_charms_activated":1,"minecraft:swim_one_cm":34690,"minecraft:fly_one_cm":361742,"minecraft:open_chest":54,"minecraft:crouch_one_cm":6255,"minecraft:interact_with_smoker":3,"minecraft:inspect_dispenser":4,"minecraft:fall_one_cm":31132},"minecraft:dropped":{"biomesoplenty:fir_log":1,"minecraft:crimson_planks":4,"minecraft:bread":1,"minecraft:iron_helmet":10,"biomesoplenty:fir_sapling":9,"minecraft:stick":1,"minecraft:diorite":4,"minecraft:ink_sac":4,"minecraft:torch":1,"minecraft:wooden_axe":3,"minecraft:wooden_sword":2,"alexsmobs:cooked_moose_ribs":1,"minecraft:chainmail_leggings":8,"minecraft:string":3,"spawnersplus:spawner_fragment":1,"biomesoplenty:toadstool":1,"minecraft:diamond_hoe":1,"minecraft:rotten_flesh":4,"minecraft:oak_planks":2,"biomesoplenty:fir_planks":2,"minecraft:skeleton_skull":1,"minecraft:iron_chestplate":1,"minecraft:stone_pickaxe":1,"minecraft:wooden_pickaxe":1},"minecraft:broken":{"minecraft:stone_axe":1},"minecraft:killed":{"minecraft:evoker":2,"minecraft:vex":1,"minecraft:witch":2,"minecraft:vindicator":7,"minecraft:spider":4,"minecraft:skeleton":5,"minecraft:silverfish":11,"minecraft:pig":4,"minecraft:creeper":1,"minecraft:pillager":15,"minecraft:zombie":9,"alexsmobs:moose":2,"minecraft:cow":1,"minecraft:enderman":1}},"DataVersion":3465}