{"stats":{"minecraft:killed":{"illagerinvasion:archivist":1,"minecraft:cave_spider":2,"minecraft:spider":6,"minecraft:skeleton":38,"alexsmobs:leafcutter_ant":2,"aether:blue_swet":1,"alexsmobs:kangaroo":12,"minecraft:piglin":2,"minecraft:creeper":3,"minecraft:pillager":25,"minecraft:zombie":18,"alexsmobs:cachalot_whale":1,"alexsmobs:fly":1,"minecraft:cow":4,"raided:electromancer":1,"minecraft:vindicator":3,"illagerinvasion:marauder":2,"alexsmobs:rattlesnake":1,"friendsandfoes:mauler":1,"minecraft:husk":4,"minecraft:rabbit":4,"mowziesmobs:umvuthana_follower_raptor":4,"minecraft:hoglin":2,"alexsmobs:rhinoceros":1,"alexsmobs:emu":1,"alexsmobs:crocodile":1},"minecraft:killed_by":{"minecraft:pillager":58,"cataclysm:deepling":1,"minecraft:skeleton":12},"minecraft:custom":{"minecraft:interact_with_crafting_table":54,"minecraft:open_barrel":44,"minecraft:leave_game":8,"minecraft:time_since_death":230008,"minecraft:sprint_one_cm":1288902,"minecraft:damage_blocked_by_shield":357,"minecraft:drop":181,"minecraft:talked_to_villager":14,"minecraft:play_time":371304,"minecraft:deaths":71,"minecraft:jump":9925,"minecraft:walk_on_water_one_cm":26549,"minecraft:interact_with_furnace":11,"minecraft:play_record":4,"minecraft:sleep_in_bed":11,"minecraft:waystone_activated":6,"minecraft:damage_dealt":31066,"minecraft:crouch_one_cm":42637,"minecraft:inspect_dispenser":6,"minecraft:interact_with_anvil":1,"minecraft:mob_kills":158,"minecraft:inspect_hopper":2,"minecraft:interact_with_campfire":4,"minecraft:damage_dealt_resisted":34,"minecraft:climb_one_cm":32801,"minecraft:walk_one_cm":877508,"minecraft:sneak_time":15544,"minecraft:walk_under_water_one_cm":12527,"minecraft:boat_one_cm":144188,"minecraft:interact_with_lectern":3,"minecraft:total_world_time":371304,"minecraft:tune_noteblock":4,"minecraft:raid_trigger":1,"minecraft:interact_with_stonecutter":1,"minecraft:time_since_rest":11978,"minecraft:damage_taken":27979,"minecraft:damage_absorbed":487,"minecraft:trigger_trapped_chest":1,"twilightforest:life_charms_activated":1,"minecraft:swim_one_cm":84906,"minecraft:fly_one_cm":1945853,"minecraft:open_chest":181,"minecraft:fall_one_cm":313804},"minecraft:used":{"minecraft:poppy":9,"minecraft:shield":5,"minecraft:iron_sword":222,"minecraft:bell":1,"minecraft:player_head":3,"minecraft:iron_chestplate":1,"minecraft:obsidian":13,"minecraft:honey_bottle":2,"minecraft:stone_bricks":3,"minecraft:item_frame":1,"supplementaries:bomb_blue":1,"farmersdelight:cutting_board":3,"minecraft:magma_block":4,"minecraft:bow":44,"minecraft:oak_sapling":1,"minecraft:furnace":2,"minecraft:cooked_cod":1,"minecraft:egg":1,"bygonenether:cobbled_blackstone":2,"minecraft:dark_oak_stairs":1,"minecraft:mossy_stone_bricks":4,"minecraft:stone_pickaxe":25,"minecraft:oak_planks":160,"minecraft:ender_pearl":14,"minecraft:wooden_pickaxe":22,"minecraft:sandstone":24,"minecraft:diamond_axe":227,"minecraft:golden_apple":15,"minecraft:sand":1,"biomesoplenty:dead_planks":32,"minecraft:deepslate_tiles":1,"waystones:waystone":4,"minecraft:birch_slab":1,"minecraft:melon_slice":13,"minecraft:bread":99,"minecraft:gravel":1,"minecraft:wooden_sword":2,"chipped:glass_oak_door":1,"minecraft:cooked_rabbit":3,"minecraft:oak_boat":2,"chipped:carpenters_table":1,"minecraft:bone_meal":3,"minecraft:music_disc_otherside":3,"minecraft:acacia_log":16,"farmersdelight:rich_soil":1,"minecraft:cooked_salmon":6,"minecraft:oak_door":2,"minecraft:orange_bed":7,"minecraft:torch":92,"minecraft:dirt":892,"alexsmobs:maraca":415,"minecraft:anvil":1,"minecraft:spruce_stairs":9,"alexsmobs:cooked_kangaroo_meat":8,"minecraft:oak_wood":52,"farmersdelight:beef_patty":2,"delightful:roasted_acorn":2,"minecraft:wooden_axe":58,"minecraft:oak_stairs":19,"minecraft:iron_axe":365,"minecraft:iron_boots":1,"chipped:planked_oak_log":4,"alexsmobs:kangaroo_burger":3,"minecraft:diamond_chestplate":1,"minecraft:glowstone":10,"minecraft:goat_horn":11,"minecraft:cooked_beef":4,"minecraft:acacia_planks":194,"minecraft:water_bucket":11,"minecraft:cobblestone_stairs":1,"farmersdelight:skillet":7,"minecraft:fletching_table":1,"minecraft:cracked_stone_bricks":2,"minecraft:mossy_cobblestone":1,"minecraft:crafting_table":16,"supplementaries:bomb":3,"minecraft:white_bed":1,"minecraft:oak_log":121,"minecraft:diamond_pickaxe":15,"minecraft:cornflower":4,"minecraft:oxeye_daisy":6,"minecraft:diamond_shovel":1120,"minecraft:iron_pickaxe":181,"minecraft:music_disc_blocks":1,"biomesoplenty:palm_planks":26,"minecraft:stone_axe":89,"twigs:twig":1,"minecraft:chiseled_stone_bricks":2,"farmersdelight:cooked_bacon":2,"minecraft:cobblestone":45,"minecraft:stripped_crimson_hyphae":1,"aether:golden_parachute":12,"mowziesmobs:umvuthana_mask_fury":1,"minecraft:bucket":12,"quark:oak_chest":4,"minecraft:stripped_oak_log":6,"minecraft:dandelion":1,"minecraft:jukebox":4,"minecraft:diamond_leggings":1},"minecraft:dropped":{"minecraft:iron_sword":2,"aether:golden_parachute":1,"minecraft:oak_log":1,"minecraft:glass_bottle":1,"minecraft:ender_pearl":2,"minecraft:crossbow":1,"aether:swet_ball":4,"farmersdelight:canvas_rug":2,"delightful:cantaloupe_seeds":1,"minecraft:red_carpet":2,"minecraft:emerald":2,"twigs:pebble":2,"alexsmobs:kangaroo_burger":1,"minecraft:wooden_sword":1,"minecraft:pumpkin_pie":2,"minecraft:gold_nugget":14,"minecraft:sand":1,"minecraft:sugar":2,"minecraft:iron_pickaxe":1,"twigs:twig":50,"minecraft:cyan_carpet":16,"spawnersplus:spawner_fragment":4,"minecraft:bone":14,"delightful:cantaloupe_slice":6,"minecraft:stone_axe":4,"minecraft:goat_horn":2,"minecraft:black_carpet":1,"biomesoplenty:rainbow_birch_sapling":1,"minecraft:rotten_flesh":10,"minecraft:oak_planks":1,"minecraft:glowstone_dust":2,"minecraft:golden_shovel":1,"alexsmobs:kangaroo_hide":1,"minecraft:chiseled_stone_bricks":3,"minecraft:poppy":1,"supplementaries:flax_seeds":1,"supplementaries:ash":7,"minecraft:gunpowder":2,"minecraft:chest":1,"minecraft:acacia_sapling":3,"minecraft:arrow":22,"minecraft:written_book":2,"crabbersdelight:clawster":1,"minecraft:water_bucket":1,"minecraft:golden_boots":1,"minecraft:bread":4,"minecraft:wheat_seeds":21,"supplementaries:bamboo_spikes":1,"minecraft:golden_horse_armor":1,"mowziesmobs:foliaath_seed":1,"minecraft:feather":4,"minecraft:cobblestone":8,"delightful:green_tea_leaf":10,"minecraft:spruce_stairs":6,"alexsmobs:maraca":1,"minecraft:stick":27,"bygonenether:cobbled_blackstone":1,"illagerinvasion:platinum_chunk":8,"minecraft:ink_sac":12,"minecraft:wooden_axe":4,"minecraft:iron_leggings":1,"minecraft:green_carpet":2,"delightful:acorn":13,"minecraft:string":3,"minecraft:acacia_planks":13,"chipped:glass_oak_door":2,"alexsmobs:maggot":1,"minecraft:player_head":5,"alexsmobs:acacia_blossom":1,"minecraft:raw_copper":3,"supplementaries:bomb":3,"minecraft:stone_shovel":1,"minecraft:chicken":1,"minecraft:iron_boots":1,"minecraft:red_terracotta":1,"minecraft:potato":1,"farmersdelight:flint_knife":1,"minecraft:oak_sapling":29,"minecraft:golden_sword":2,"minecraft:spider_eye":1,"biomesoplenty:orange_sandstone":3,"minecraft:bow":3,"minecraft:wooden_pickaxe":4,"minecraft:calcite":1,"minecraft:terracotta":2},"minecraft:mined":{"farmersdelight:rich_soil":1,"minecraft:cobblestone_stairs":1,"alexsmobs:leafcutter_anthill":1,"farmersdelight:canvas_rug":2,"minecraft:obsidian":13,"minecraft:stripped_crimson_hyphae":1,"minecraft:grass_block":827,"twigs:twig":1,"minecraft:oxeye_daisy":3,"minecraft:chiseled_stone_bricks":5,"minecraft:spawner":13,"minecraft:magma_block":4,"minecraft:glowstone":27,"minecraft:fire":5,"minecraft:black_carpet":1,"minecraft:fletching_table":2,"minecraft:dark_oak_stairs":4,"minecraft:green_carpet":4,"minecraft:player_head":2,"minecraft:tripwire":5,"minecraft:orange_bed":7,"minecraft:blackstone":3,"minecraft:player_wall_head":1,"minecraft:torch":2,"delightful:pumpkin_pie":2,"minecraft:blast_furnace":2,"minecraft:calcite":1,"minecraft:poppy":4,"minecraft:melon":2,"minecraft:chest":1,"minecraft:dead_bush":1,"supplementaries:wild_flax":1,"minecraft:cobblestone":16,"minecraft:oak_planks":32,"minecraft:wall_torch":2,"farmersdelight:cutting_board":5,"minecraft:jukebox":3,"minecraft:stone_brick_stairs":1,"minecraft:grass":262,"minecraft:oak_log":348,"minecraft:sand":2,"minecraft:dirt":278,"twigs:rhyolite":1,"minecraft:oak_leaves":8,"minecraft:daylight_detector":1,"minecraft:emerald_block":8,"minecraft:deepslate_tiles":1,"minecraft:red_carpet":1,"minecraft:mossy_cobblestone":7,"minecraft:oak_door":2,"minecraft:chiseled_bookshelf":2,"delightful:cantaloupe_plant":1,"alexsmobs:leafcutter_ant_chamber":1,"minecraft:birch_slab":1,"minecraft:sandstone":3,"amendments:skull_pile":1,"minecraft:hay_block":1,"minecraft:raw_gold_block":7,"minecraft:pink_concrete":1,"minecraft:bell":1,"minecraft:bookshelf":7,"minecraft:potatoes":1,"biomesoplenty:brimstone_bud":1,"minecraft:stripped_oak_log":6,"minecraft:stone":89,"minecraft:smithing_table":1,"minecraft:cornflower":3,"minecraft:crafting_table":3,"minecraft:oak_wood":2,"minecraft:lectern":1,"minecraft:tall_grass":31,"minecraft:copper_ore":1,"biomesoplenty:sprout":1,"farmersdelight:wild_tomatoes":1,"farmersdelight:oak_cabinet":2,"minecraft:sculk":3,"minecraft:spruce_stairs":12,"farmersdelight:skillet":5,"minecraft:coarse_dirt":1,"minecraft:cyan_carpet":16,"minecraft:gravel":2,"minecraft:cobweb":6,"minecraft:cracked_stone_bricks":3,"minecraft:terracotta":3,"minecraft:acacia_planks":15,"minecraft:stone_bricks":7,"minecraft:mossy_stone_bricks":6,"minecraft:fern":2},"minecraft:picked_up":{"minecraft:wooden_axe":2,"alexsmobs:maraca":1,"minecraft:black_carpet":1,"illagerinvasion:platinum_chunk":9,"minecraft:smithing_table":1,"spawnersplus:spawner_fragment":8,"minecraft:golden_sword":2,"farmersdelight:cutting_board":4,"minecraft:string":13,"minecraft:raw_copper":3,"minecraft:cooked_salmon":1,"minecraft:deepslate_tiles":1,"minecraft:gold_nugget":1,"minecraft:bucket":1,"twigs:pebble":2,"delightful:acorn":18,"minecraft:written_book":2,"minecraft:calcite":1,"minecraft:iron_pickaxe":1,"delightful:green_tea_leaf":10,"minecraft:melon_slice":13,"minecraft:stick":1,"minecraft:jukebox":3,"minecraft:torch":8,"minecraft:spruce_stairs":15,"minecraft:goat_horn":1,"minecraft:orange_bed":7,"minecraft:rotten_flesh":10,"farmersdelight:oak_cabinet":2,"supplementaries:ash":7,"minecraft:obsidian":13,"delightful:cantaloupe_seeds":1,"minecraft:cobblestone":102,"minecraft:magma_block":4,"minecraft:feather":4,"minecraft:cooked_beef":4,"minecraft:birch_slab":1,"minecraft:potato":1,"farmersdelight:bacon":2,"farmersdelight:cooked_bacon":2,"delightful:cantaloupe":1,"supplementaries:flax_seeds":1,"alexsmobs:cooked_kangaroo_meat":7,"minecraft:dirt":1104,"minecraft:bone":60,"minecraft:acacia_planks":15,"minecraft:bow":1,"minecraft:wheat_seeds":118,"minecraft:bell":1,"minecraft:fletching_table":2,"minecraft:glowstone_dust":84,"minecraft:mossy_stone_bricks":4,"minecraft:rabbit":4,"aether:book_of_lore":1,"twigs:twig":64,"minecraft:oak_planks":34,"minecraft:sand":2,"minecraft:ink_sac":12,"minecraft:mossy_cobblestone":7,"alexsmobs:kangaroo_hide":12,"minecraft:sugar":2,"waystones:waystone":3,"minecraft:lever":1,"alexsmobs:rattlesnake_rattle":1,"aether:swet_ball":4,"minecraft:golden_apple":1,"minecraft:bread":4,"minecraft:emerald":24,"alexsmobs:maggot":1,"minecraft:oak_sapling":89,"minecraft:crafting_table":3,"minecraft:chicken":1,"minecraft:wooden_pickaxe":1,"chipped:glass_oak_door":2,"minecraft:cooked_rabbit":3,"minecraft:cornflower":4,"minecraft:item_frame":1,"minecraft:cyan_carpet":16,"minecraft:cracked_stone_bricks":2,"farmersdelight:beef_patty":2,"minecraft:music_disc_otherside":3,"minecraft:beef":10,"minecraft:oak_boat":1,"minecraft:player_head":8,"minecraft:poppy":10,"minecraft:lectern":1,"delightful:cantaloupe_slice":3,"farmersdelight:canvas_rug":2,"minecraft:chest":1,"minecraft:egg":1,"minecraft:stripped_crimson_hyphae":1,"minecraft:oak_door":2,"minecraft:raw_gold_block":7,"aether:golden_parachute":1,"bygonenether:cobbled_blackstone":3,"farmersdelight:minced_beef":4,"farmersdelight:tomato_seeds":1,"minecraft:arrow":111,"minecraft:stone_shovel":1,"minecraft:cooked_cod":1,"alexsmobs:kangaroo_meat":16,"minecraft:white_wool":3,"minecraft:oxeye_daisy":6,"minecraft:stripped_oak_log":6,"mowziesmobs:umvuthana_mask_fury":1,"farmersdelight:rich_soil":1,"minecraft:air":6,"minecraft:leather":2,"minecraft:oak_log":328,"minecraft:ancient_debris":5,"minecraft:gunpowder":2,"minecraft:cobblestone_stairs":1,"farmersdelight:skillet":5,"farmersdelight:flint_knife":1,"minecraft:red_carpet":2,"minecraft:apple":9,"minecraft:stone_bricks":3,"mowziesmobs:foliaath_seed":1,"minecraft:rabbit_hide":3,"minecraft:iron_sword":1,"minecraft:dark_oak_stairs":4,"minecraft:book":33,"minecraft:emerald_block":6,"minecraft:chiseled_stone_bricks":5,"minecraft:dandelion":1,"minecraft:gravel":2,"minecraft:blast_furnace":2,"minecraft:green_carpet":2,"minecraft:spider_eye":1,"minecraft:oak_wood":2,"minecraft:stone_axe":2,"minecraft:terracotta":3},"minecraft:broken":{"minecraft:golden_boots":1,"mowziesmobs:umvuthana_mask_fury":1,"aether:golden_parachute":1,"minecraft:iron_axe":2},"minecraft:crafted":{"delightful:cantaloupe_slice":3,"minecraft:oak_planks":376,"waystones:waystone":1,"minecraft:stone":4,"minecraft:diamond_shovel":1,"delightful:roasted_acorn":2,"minecraft:bow":1,"minecraft:stone_bricks":4,"minecraft:diamond_axe":1,"minecraft:crafting_table":13,"minecraft:wooden_pickaxe":1,"minecraft:oak_wood":51,"waystones:warp_stone":1,"chipped:carpenters_table":1,"minecraft:diamond_pickaxe":1,"minecraft:shield":1,"minecraft:stick":66,"quark:oak_chest":4,"minecraft:iron_pickaxe":1,"minecraft:gold_ingot":9,"minecraft:shears":1,"biomesoplenty:palm_planks":36,"minecraft:wooden_sword":1,"minecraft:oak_door":3,"minecraft:jukebox":1,"minecraft:furnace":2,"minecraft:bone_meal":21,"minecraft:leather":4,"minecraft:iron_axe":2,"minecraft:stone_pickaxe":1,"backpacked:backpack":1,"alexsmobs:kangaroo_burger":4,"biomesoplenty:dead_planks":32,"alexsmobs:cooked_kangaroo_meat":8,"minecraft:iron_sword":1,"minecraft:stone_axe":1,"minecraft:glowstone":13,"minecraft:air":0,"minecraft:oak_boat":2,"alexsmobs:maraca":1,"minecraft:oak_stairs":20,"minecraft:wooden_axe":2,"minecraft:anvil":1,"minecraft:white_bed":1,"minecraft:acacia_planks":188,"minecraft:torch":24}},"DataVersion":3465}