{"stats":{"minecraft:killed_by":{"minecraft:pillager":3,"cataclysm:deepling":1,"minecraft:skeleton":2},"minecraft:custom":{"minecraft:mob_kills":34,"minecraft:interact_with_crafting_table":24,"minecraft:open_barrel":14,"minecraft:interact_with_campfire":4,"minecraft:leave_game":1,"minecraft:time_since_death":3199,"minecraft:climb_one_cm":5426,"minecraft:sprint_one_cm":229101,"minecraft:damage_blocked_by_shield":125,"minecraft:walk_one_cm":158265,"minecraft:drop":39,"minecraft:talked_to_villager":1,"minecraft:play_time":86394,"minecraft:deaths":6,"minecraft:sneak_time":2533,"minecraft:walk_under_water_one_cm":5940,"minecraft:boat_one_cm":144188,"minecraft:jump":2587,"minecraft:walk_on_water_one_cm":6276,"minecraft:total_world_time":86394,"minecraft:interact_with_furnace":4,"minecraft:play_record":2,"minecraft:interact_with_stonecutter":1,"minecraft:sleep_in_bed":2,"minecraft:time_since_rest":3228,"minecraft:waystone_activated":1,"minecraft:damage_taken":4047,"minecraft:damage_absorbed":10,"minecraft:damage_dealt":7163,"twilightforest:life_charms_activated":1,"minecraft:swim_one_cm":35193,"minecraft:fly_one_cm":573448,"minecraft:open_chest":23,"minecraft:crouch_one_cm":6900,"minecraft:fall_one_cm":81915},"minecraft:mined":{"farmersdelight:rich_soil":1,"farmersdelight:canvas_rug":2,"minecraft:chiseled_bookshelf":2,"minecraft:sandstone":3,"amendments:skull_pile":1,"minecraft:chiseled_stone_bricks":4,"minecraft:spawner":5,"minecraft:magma_block":2,"minecraft:raw_gold_block":7,"minecraft:bell":1,"minecraft:potatoes":1,"minecraft:bookshelf":3,"minecraft:green_carpet":1,"minecraft:stone":14,"minecraft:player_head":2,"minecraft:orange_bed":5,"minecraft:blackstone":3,"minecraft:player_wall_head":1,"minecraft:crafting_table":3,"minecraft:blast_furnace":1,"minecraft:dead_bush":1,"supplementaries:wild_flax":1,"farmersdelight:wild_tomatoes":1,"minecraft:oak_planks":1,"farmersdelight:oak_cabinet":2,"farmersdelight:skillet":2,"farmersdelight:cutting_board":3,"minecraft:jukebox":1,"minecraft:grass":1,"minecraft:oak_log":39,"minecraft:cyan_carpet":9,"minecraft:sand":2,"minecraft:cobweb":2,"minecraft:terracotta":1,"minecraft:acacia_planks":1,"minecraft:stone_bricks":3},"minecraft:killed":{"minecraft:vindicator":1,"minecraft:spider":1,"alexsmobs:rattlesnake":1,"minecraft:skeleton":7,"friendsandfoes:mauler":1,"alexsmobs:kangaroo":7,"minecraft:rabbit":4,"minecraft:creeper":1,"minecraft:pillager":4,"minecraft:zombie":3,"minecraft:cow":4},"minecraft:crafted":{"minecraft:wooden_sword":1,"minecraft:oak_planks":120,"minecraft:jukebox":1,"minecraft:furnace":1,"minecraft:leather":4,"minecraft:iron_axe":1,"minecraft:stone_pickaxe":1,"backpacked:backpack":1,"alexsmobs:kangaroo_burger":2,"minecraft:crafting_table":6,"minecraft:wooden_pickaxe":1,"alexsmobs:cooked_kangaroo_meat":8,"minecraft:stone_axe":1,"minecraft:air":0,"minecraft:oak_boat":2,"alexsmobs:maraca":1,"minecraft:shield":1,"minecraft:stick":36,"minecraft:iron_pickaxe":1,"minecraft:wooden_axe":1,"minecraft:acacia_planks":36,"minecraft:torch":24},"minecraft:dropped":{"minecraft:golden_boots":1,"minecraft:iron_sword":1,"minecraft:oak_log":1,"alexsmobs:maraca":1,"minecraft:stick":1,"minecraft:emerald":1,"bygonenether:cobbled_blackstone":1,"alexsmobs:kangaroo_burger":1,"minecraft:wooden_axe":1,"minecraft:iron_leggings":1,"minecraft:wooden_sword":1,"minecraft:gold_nugget":13,"minecraft:sand":1,"minecraft:string":3,"minecraft:acacia_planks":13,"minecraft:cyan_carpet":9,"twigs:twig":4,"minecraft:bone":7,"minecraft:stone_axe":3,"minecraft:goat_horn":2,"minecraft:player_head":2,"biomesoplenty:rainbow_birch_sapling":1,"minecraft:red_terracotta":1,"alexsmobs:kangaroo_hide":1,"minecraft:chiseled_stone_bricks":3,"minecraft:potato":1,"supplementaries:flax_seeds":1,"minecraft:acacia_sapling":3,"minecraft:bow":1,"minecraft:arrow":4,"minecraft:wooden_pickaxe":1},"minecraft:used":{"minecraft:music_disc_otherside":2,"minecraft:acacia_log":16,"minecraft:shield":1,"farmersdelight:rich_soil":1,"minecraft:bell":1,"minecraft:cooked_salmon":1,"minecraft:player_head":3,"minecraft:orange_bed":5,"minecraft:torch":7,"alexsmobs:maraca":415,"alexsmobs:cooked_kangaroo_meat":8,"farmersdelight:beef_patty":2,"minecraft:wooden_axe":22,"minecraft:iron_axe":37,"alexsmobs:kangaroo_burger":1,"minecraft:stone_bricks":2,"minecraft:magma_block":1,"minecraft:furnace":1,"minecraft:goat_horn":10,"minecraft:cooked_cod":1,"minecraft:cooked_beef":4,"minecraft:acacia_planks":16,"bygonenether:cobbled_blackstone":2,"minecraft:water_bucket":1,"farmersdelight:skillet":3,"minecraft:stone_pickaxe":25,"minecraft:oak_planks":5,"minecraft:wooden_pickaxe":17,"minecraft:sandstone":24,"minecraft:golden_apple":1,"minecraft:sand":1,"minecraft:crafting_table":10,"minecraft:oak_log":15,"minecraft:bread":17,"minecraft:iron_pickaxe":8,"minecraft:stone_axe":89,"minecraft:chiseled_stone_bricks":1,"farmersdelight:cooked_bacon":2,"minecraft:wooden_sword":2,"minecraft:oak_boat":2,"minecraft:jukebox":2},"minecraft:picked_up":{"minecraft:crafting_table":3,"alexsmobs:maraca":1,"illagerinvasion:platinum_chunk":2,"minecraft:chicken":1,"spawnersplus:spawner_fragment":4,"farmersdelight:cutting_board":3,"minecraft:string":6,"minecraft:cooked_salmon":1,"minecraft:cyan_carpet":9,"farmersdelight:beef_patty":2,"minecraft:bucket":1,"minecraft:music_disc_otherside":1,"minecraft:beef":10,"minecraft:oak_boat":1,"minecraft:player_head":6,"farmersdelight:canvas_rug":2,"minecraft:stick":1,"minecraft:raw_gold_block":7,"minecraft:jukebox":1,"bygonenether:cobbled_blackstone":3,"farmersdelight:minced_beef":4,"minecraft:torch":3,"farmersdelight:tomato_seeds":1,"minecraft:goat_horn":1,"minecraft:orange_bed":5,"minecraft:arrow":8,"minecraft:cooked_cod":1,"farmersdelight:oak_cabinet":2,"alexsmobs:kangaroo_meat":10,"minecraft:cobblestone":14,"minecraft:magma_block":2,"farmersdelight:rich_soil":1,"minecraft:cooked_beef":4,"minecraft:leather":2,"minecraft:potato":1,"farmersdelight:bacon":2,"minecraft:oak_log":33,"farmersdelight:cooked_bacon":2,"supplementaries:flax_seeds":1,"alexsmobs:cooked_kangaroo_meat":2,"farmersdelight:skillet":2,"minecraft:bone":8,"minecraft:acacia_planks":1,"minecraft:stone_bricks":2,"minecraft:bell":1,"minecraft:rabbit_hide":3,"minecraft:rabbit":4,"twigs:twig":8,"minecraft:oak_planks":1,"minecraft:book":21,"minecraft:chiseled_stone_bricks":4,"minecraft:sand":2,"minecraft:blast_furnace":1,"alexsmobs:kangaroo_hide":9,"minecraft:stone_axe":2,"alexsmobs:rattlesnake_rattle":1,"minecraft:emerald":5,"minecraft:terracotta":1,"minecraft:oak_sapling":5}},"DataVersion":3465}