{"stats":{"minecraft:picked_up":{"minecraft:crafting_table":2,"illagerinvasion:platinum_chunk":7,"minecraft:smithing_table":2,"minecraft:packed_ice":2,"minecraft:wooden_pickaxe":1,"minecraft:crimson_planks":4,"spawnersplus:spawner_fragment":1,"blue_skies:municipal_monkfish":1,"minecraft:string":6,"minecraft:wooden_sword":1,"minecraft:zombie_head":1,"minecraft:white_carpet":1,"minecraft:purple_banner":1,"twigs:opaline_seashell":1,"biomesoplenty:fir_planks":5,"minecraft:spruce_planks":10,"minecraft:beef":2,"delightful:green_tea_leaf":4,"minecraft:furnace":1,"minecraft:stick":1,"blue_skies:azulfo_horn":4,"minecraft:torch":3,"minecraft:porkchop":10,"blue_skies:carabeef":4,"minecraft:diorite":6,"minecraft:purple_terracotta":1,"minecraft:arrow":17,"minecraft:rotten_flesh":4,"minecraft:totem_of_undying":3,"minecraft:mutton":1,"blue_skies:moonstone_shard":6,"minecraft:iron_bars":4,"minecraft:skeleton_skull":1,"minecraft:snowball":27,"minecraft:cobblestone":31,"blue_skies:brewberry":14,"biomesoplenty:fir_sapling":17,"biomesoplenty:fir_log":63,"blue_skies:turquoise_cobblestone":4,"minecraft:dirt":23,"minecraft:bone":5,"blue_skies:pine_fruit":4,"minecraft:grindstone":1,"twigs:twig":12,"blue_skies:winter_leaf_seeds":1,"minecraft:book":3,"biomesoplenty:toadstool":1,"minecraft:jungle_planks":2,"blue_skies:bluebright_log":5,"minecraft:ink_sac":4,"minecraft:blast_furnace":1,"minecraft:spider_eye":1,"minecraft:dark_prismarine":1,"minecraft:crossbow":2,"alexsmobs:moose_ribs":8,"minecraft:emerald":23,"minecraft:bread":1,"minecraft:coal":1,"minecraft:wooden_axe":1,"minecraft:ender_pearl":1},"minecraft:killed_by":{"alexsmobs:cachalot_whale":1,"minecraft:vindicator":2,"alexsmobs:moose":2},"minecraft:used":{"minecraft:spruce_planks":8,"minecraft:shield":1,"minecraft:torch":1,"minecraft:dirt":23,"minecraft:snowball":17,"blue_skies:zeal_lighter":1,"minecraft:wooden_axe":35,"blue_skies:bluebright_crafting_table":1,"minecraft:diamond_chestplate":2,"minecraft:furnace":2,"blue_skies:turquoise_stone_pickaxe":5,"minecraft:cooked_beef":2,"blue_skies:bluebright_spear":48,"minecraft:cooked_mutton":2,"minecraft:stone_pickaxe":16,"minecraft:oak_planks":4,"minecraft:wooden_pickaxe":22,"biomesoplenty:fir_planks":44,"blue_skies:turquoise_stonebrick":10,"minecraft:golden_apple":1,"minecraft:crafting_table":6,"blue_skies:municipal_monkfish":1,"minecraft:blast_furnace":1,"minecraft:crossbow":14,"blue_skies:pine_fruit":8,"blue_skies:brewberry":8,"minecraft:diamond_pickaxe":23,"minecraft:apple":3,"everycomp:q/biomesoplenty/fir_chest":1,"minecraft:bread":10,"minecraft:stone_axe":101,"alexsmobs:cooked_moose_ribs":3,"minecraft:diamond_sword":174,"minecraft:cobblestone":17,"minecraft:cooked_porkchop":10,"minecraft:smithing_table":2,"biomesoplenty:fir_log":1,"everycomp:q/biomesoplenty/fir_ladder":4,"minecraft:splash_potion":1,"minecraft:experience_bottle":2},"minecraft:crafted":{"minecraft:wooden_sword":1,"minecraft:oak_planks":16,"blue_skies:bluebright_planks":20,"blue_skies:turquoise_stone_pickaxe":1,"minecraft:furnace":1,"blue_skies:zeal_lighter":1,"everycomp:q/biomesoplenty/fir_ladder":4,"minecraft:diamond_helmet":1,"minecraft:diamond_leggings":2,"blue_skies:bluebright_spear":1,"illagerinvasion:platinum_sheet":1,"minecraft:stone_pickaxe":1,"minecraft:diamond_boots":3,"minecraft:chainmail_leggings":8,"minecraft:cooked_beef":2,"everycomp:q/biomesoplenty/fir_chest":1,"blue_skies:blue_journal":1,"minecraft:diamond_sword":1,"minecraft:emerald":12,"minecraft:cooked_porkchop":10,"minecraft:crafting_table":4,"minecraft:wooden_pickaxe":1,"minecraft:iron_helmet":10,"alexsmobs:cooked_moose_ribs":4,"minecraft:chainmail_chestplate":1,"minecraft:stone_axe":1,"minecraft:air":0,"biomesoplenty:fir_planks":120,"blue_skies:bluebright_stick":4,"blue_skies:bluebright_crafting_table":1,"minecraft:diamond_pickaxe":1,"minecraft:shield":1,"minecraft:stick":24,"minecraft:wooden_axe":2,"minecraft:diamond_chestplate":2},"minecraft:mined":{"minecraft:dark_prismarine":1,"minecraft:spruce_planks":12,"blue_skies:bluebright_leaves":5,"minecraft:purple_terracotta":2,"minecraft:grass_block":1,"minecraft:jungle_planks":2,"minecraft:spawner":1,"minecraft:furnace":1,"blue_skies:everbright_moonstone_ore":2,"minecraft:bookshelf":1,"blue_skies:turquoise_cobblestone":4,"minecraft:iron_bars":5,"minecraft:stone":29,"twigs:opaline_seashell":1,"minecraft:smithing_table":2,"blue_skies:turquoise_grass":1,"minecraft:infested_stone_bricks":1,"minecraft:powder_snow":58,"minecraft:crafting_table":2,"minecraft:blast_furnace":1,"biomesoplenty:fir_planks":5,"minecraft:cobblestone":1,"minecraft:grindstone":1,"minecraft:skeleton_skull":1,"minecraft:ice":5,"minecraft:white_carpet":1,"biomesoplenty:fir_log":70,"blue_skies:bluebright_log":5,"minecraft:zombie_head":1,"minecraft:dirt":9,"minecraft:crimson_planks":4,"minecraft:cobweb":4,"blue_skies:everbright_pyrope_ore":3},"minecraft:custom":{"minecraft:interact_with_smithing_table":4,"minecraft:mob_kills":77,"minecraft:interact_with_crafting_table":21,"minecraft:open_barrel":11,"minecraft:time_since_death":53804,"minecraft:climb_one_cm":13126,"minecraft:sprint_one_cm":257195,"minecraft:walk_one_cm":192186,"minecraft:damage_blocked_by_shield":40,"minecraft:drop":68,"minecraft:interact_with_snowcap_oven":2,"minecraft:talked_to_villager":43,"minecraft:play_time":91466,"minecraft:deaths":5,"minecraft:sneak_time":3769,"minecraft:walk_under_water_one_cm":14473,"minecraft:jump":2217,"minecraft:interact_with_brewingstand":3,"minecraft:interact_with_blast_furnace":2,"minecraft:walk_on_water_one_cm":8742,"minecraft:total_world_time":91466,"minecraft:interact_with_furnace":14,"minecraft:traded_with_villager":40,"minecraft:interact_with_cartography_table":1,"minecraft:sleep_in_bed":1,"minecraft:time_since_rest":53833,"minecraft:damage_taken":3679,"minecraft:damage_absorbed":13,"minecraft:damage_dealt":14671,"twilightforest:life_charms_activated":1,"minecraft:swim_one_cm":36963,"minecraft:fly_one_cm":487305,"minecraft:open_chest":63,"minecraft:crouch_one_cm":8781,"minecraft:interact_with_smoker":3,"minecraft:inspect_dispenser":4,"minecraft:fall_one_cm":49915},"minecraft:dropped":{"biomesoplenty:fir_log":1,"minecraft:crimson_planks":4,"minecraft:bread":1,"blue_skies:pine_fruit":4,"minecraft:iron_helmet":10,"biomesoplenty:fir_sapling":9,"minecraft:stick":9,"illagerinvasion:platinum_chunk":3,"minecraft:packed_ice":2,"minecraft:diorite":4,"minecraft:ink_sac":4,"minecraft:torch":5,"blue_skies:turquoise_cobblestone":1,"minecraft:wooden_axe":3,"minecraft:wooden_sword":2,"alexsmobs:cooked_moose_ribs":1,"minecraft:chainmail_leggings":8,"minecraft:string":3,"spawnersplus:spawner_fragment":1,"biomesoplenty:toadstool":1,"blue_skies:turquoise_stonebrick":2,"blue_skies:winter_leaf_seeds":1,"minecraft:diamond_hoe":1,"minecraft:purple_banner":1,"minecraft:rotten_flesh":4,"minecraft:oak_planks":2,"minecraft:totem_of_undying":1,"blue_skies:azulfo_horn":4,"blue_skies:bluebright_stick":2,"biomesoplenty:fir_planks":2,"minecraft:skeleton_skull":1,"minecraft:iron_chestplate":1,"minecraft:spider_eye":1,"minecraft:stone_pickaxe":1,"minecraft:wooden_pickaxe":1},"minecraft:broken":{"minecraft:stone_axe":1},"minecraft:killed":{"blue_skies:armored_frost_spirit":5,"minecraft:evoker":2,"minecraft:vex":1,"minecraft:witch":2,"blue_skies:azulfo":2,"minecraft:vindicator":7,"minecraft:spider":4,"minecraft:skeleton":5,"blue_skies:diophyde_prowler":1,"minecraft:silverfish":11,"minecraft:pig":4,"minecraft:creeper":1,"minecraft:pillager":15,"minecraft:zombie":9,"alexsmobs:moose":4,"blue_skies:stardust_ram":1,"minecraft:cow":1,"minecraft:enderman":1}},"DataVersion":3465}