{"stats":{"minecraft:killed_by":{"minecraft:pillager":22,"cataclysm:deepling":1,"minecraft:skeleton":10},"minecraft:broken":{"minecraft:golden_boots":1,"minecraft:iron_axe":1},"minecraft:custom":{"minecraft:mob_kills":61,"minecraft:inspect_hopper":1,"minecraft:interact_with_crafting_table":29,"minecraft:open_barrel":21,"minecraft:interact_with_campfire":4,"minecraft:leave_game":3,"minecraft:time_since_death":6996,"minecraft:climb_one_cm":5426,"minecraft:sprint_one_cm":397197,"minecraft:damage_blocked_by_shield":125,"minecraft:walk_one_cm":260519,"minecraft:drop":51,"minecraft:talked_to_villager":1,"minecraft:play_time":123850,"minecraft:deaths":33,"minecraft:sneak_time":5897,"minecraft:walk_under_water_one_cm":5940,"minecraft:boat_one_cm":144188,"minecraft:jump":3303,"minecraft:walk_on_water_one_cm":6276,"minecraft:total_world_time":123850,"minecraft:interact_with_furnace":4,"minecraft:play_record":2,"minecraft:interact_with_stonecutter":1,"minecraft:sleep_in_bed":3,"minecraft:time_since_rest":7022,"minecraft:waystone_activated":1,"minecraft:damage_taken":12322,"minecraft:damage_absorbed":50,"minecraft:damage_dealt":15005,"twilightforest:life_charms_activated":1,"minecraft:swim_one_cm":35193,"minecraft:fly_one_cm":687517,"minecraft:open_chest":39,"minecraft:crouch_one_cm":15086,"minecraft:fall_one_cm":106162,"minecraft:inspect_dispenser":4},"minecraft:dropped":{"minecraft:golden_boots":1,"minecraft:iron_sword":1,"minecraft:oak_log":1,"alexsmobs:maraca":1,"minecraft:stick":1,"minecraft:emerald":1,"bygonenether:cobbled_blackstone":1,"illagerinvasion:platinum_chunk":4,"alexsmobs:kangaroo_burger":1,"minecraft:wooden_axe":4,"minecraft:wooden_sword":1,"minecraft:iron_leggings":1,"minecraft:green_carpet":2,"minecraft:pumpkin_pie":2,"minecraft:gold_nugget":13,"minecraft:sand":1,"minecraft:string":3,"minecraft:acacia_planks":13,"twigs:twig":4,"minecraft:cyan_carpet":16,"minecraft:bone":7,"minecraft:stone_axe":4,"minecraft:goat_horn":2,"minecraft:player_head":2,"biomesoplenty:rainbow_birch_sapling":1,"minecraft:stone_shovel":1,"minecraft:red_terracotta":1,"alexsmobs:kangaroo_hide":1,"minecraft:chiseled_stone_bricks":3,"minecraft:potato":1,"supplementaries:flax_seeds":1,"minecraft:acacia_sapling":3,"minecraft:bow":1,"minecraft:arrow":6,"minecraft:wooden_pickaxe":2},"minecraft:crafted":{"minecraft:wooden_sword":1,"minecraft:oak_planks":160,"minecraft:jukebox":1,"minecraft:furnace":1,"minecraft:bow":1,"minecraft:leather":4,"minecraft:iron_axe":2,"minecraft:stone_pickaxe":1,"backpacked:backpack":1,"alexsmobs:kangaroo_burger":2,"minecraft:crafting_table":9,"minecraft:wooden_pickaxe":1,"alexsmobs:cooked_kangaroo_meat":8,"minecraft:iron_sword":1,"minecraft:stone_axe":1,"minecraft:air":0,"minecraft:oak_boat":2,"alexsmobs:maraca":1,"minecraft:shield":1,"minecraft:stick":36,"minecraft:iron_pickaxe":1,"minecraft:wooden_axe":1,"minecraft:acacia_planks":48,"minecraft:torch":24},"minecraft:killed":{"minecraft:spider":1,"minecraft:vindicator":1,"alexsmobs:rattlesnake":1,"minecraft:skeleton":24,"friendsandfoes:mauler":1,"alexsmobs:kangaroo":7,"minecraft:rabbit":4,"minecraft:creeper":1,"alexsmobs:emu":1,"minecraft:pillager":12,"minecraft:zombie":4,"minecraft:cow":4},"minecraft:used":{"minecraft:music_disc_otherside":2,"minecraft:acacia_log":16,"minecraft:shield":1,"minecraft:iron_sword":33,"farmersdelight:rich_soil":1,"minecraft:bell":1,"minecraft:cooked_salmon":1,"minecraft:player_head":3,"minecraft:orange_bed":7,"minecraft:torch":24,"alexsmobs:maraca":415,"minecraft:spruce_stairs":1,"alexsmobs:cooked_kangaroo_meat":8,"farmersdelight:beef_patty":2,"minecraft:wooden_axe":58,"minecraft:iron_axe":127,"alexsmobs:kangaroo_burger":1,"minecraft:stone_bricks":2,"farmersdelight:cutting_board":1,"minecraft:magma_block":2,"minecraft:bow":11,"minecraft:goat_horn":10,"minecraft:furnace":1,"minecraft:cooked_cod":1,"minecraft:cooked_beef":4,"minecraft:acacia_planks":42,"bygonenether:cobbled_blackstone":2,"minecraft:dark_oak_stairs":1,"minecraft:water_bucket":1,"farmersdelight:skillet":5,"minecraft:stone_pickaxe":25,"minecraft:oak_planks":41,"minecraft:wooden_pickaxe":22,"minecraft:sandstone":24,"minecraft:golden_apple":2,"minecraft:sand":1,"minecraft:crafting_table":13,"minecraft:oak_log":15,"minecraft:birch_slab":1,"minecraft:bread":26,"minecraft:iron_pickaxe":38,"minecraft:stone_axe":89,"minecraft:chiseled_stone_bricks":1,"minecraft:wooden_sword":2,"farmersdelight:cooked_bacon":2,"minecraft:cobblestone":18,"minecraft:oak_boat":2,"minecraft:jukebox":2},"minecraft:picked_up":{"minecraft:wooden_axe":2,"minecraft:crafting_table":3,"alexsmobs:maraca":1,"illagerinvasion:platinum_chunk":5,"minecraft:chicken":1,"minecraft:wooden_pickaxe":1,"spawnersplus:spawner_fragment":6,"farmersdelight:cutting_board":3,"minecraft:string":6,"minecraft:raw_copper":3,"minecraft:cooked_salmon":1,"minecraft:cyan_carpet":16,"farmersdelight:beef_patty":2,"minecraft:bucket":1,"minecraft:music_disc_otherside":2,"minecraft:beef":10,"minecraft:oak_boat":1,"minecraft:player_head":6,"minecraft:chest":1,"farmersdelight:canvas_rug":2,"minecraft:stick":1,"minecraft:raw_gold_block":7,"minecraft:jukebox":2,"bygonenether:cobbled_blackstone":3,"farmersdelight:minced_beef":4,"minecraft:torch":4,"minecraft:spruce_stairs":4,"farmersdelight:tomato_seeds":1,"minecraft:goat_horn":1,"minecraft:orange_bed":7,"minecraft:arrow":56,"minecraft:stone_shovel":1,"minecraft:cooked_cod":1,"farmersdelight:oak_cabinet":2,"alexsmobs:kangaroo_meat":10,"minecraft:cobblestone":39,"minecraft:magma_block":2,"farmersdelight:rich_soil":1,"minecraft:cooked_beef":4,"minecraft:birch_slab":1,"minecraft:leather":2,"minecraft:potato":1,"farmersdelight:bacon":2,"minecraft:oak_log":37,"supplementaries:flax_seeds":1,"farmersdelight:cooked_bacon":2,"alexsmobs:cooked_kangaroo_meat":2,"farmersdelight:skillet":3,"minecraft:bone":38,"minecraft:acacia_planks":10,"minecraft:stone_bricks":2,"minecraft:bell":1,"minecraft:rabbit_hide":3,"minecraft:rabbit":4,"twigs:twig":8,"minecraft:oak_planks":7,"minecraft:dark_oak_stairs":4,"minecraft:book":21,"minecraft:chiseled_stone_bricks":4,"minecraft:sand":2,"minecraft:blast_furnace":1,"minecraft:green_carpet":2,"alexsmobs:kangaroo_hide":9,"minecraft:stone_axe":2,"alexsmobs:rattlesnake_rattle":1,"minecraft:emerald":12,"minecraft:terracotta":3,"minecraft:oak_sapling":5},"minecraft:mined":{"farmersdelight:rich_soil":1,"farmersdelight:canvas_rug":2,"minecraft:chiseled_bookshelf":2,"minecraft:birch_slab":1,"minecraft:sandstone":3,"amendments:skull_pile":1,"minecraft:chiseled_stone_bricks":4,"minecraft:spawner":8,"minecraft:magma_block":2,"minecraft:raw_gold_block":7,"minecraft:dark_oak_stairs":4,"minecraft:bell":1,"minecraft:bookshelf":3,"minecraft:potatoes":1,"minecraft:green_carpet":4,"minecraft:stone":32,"minecraft:player_head":2,"minecraft:orange_bed":7,"minecraft:blackstone":3,"minecraft:player_wall_head":1,"minecraft:crafting_table":3,"delightful:pumpkin_pie":2,"minecraft:blast_furnace":1,"minecraft:chest":1,"minecraft:dead_bush":1,"supplementaries:wild_flax":1,"minecraft:copper_ore":1,"minecraft:cobblestone":7,"farmersdelight:wild_tomatoes":1,"minecraft:oak_planks":5,"farmersdelight:oak_cabinet":2,"minecraft:spruce_stairs":4,"farmersdelight:skillet":3,"farmersdelight:cutting_board":3,"minecraft:jukebox":2,"minecraft:grass":1,"minecraft:oak_log":43,"minecraft:cyan_carpet":16,"minecraft:sand":2,"minecraft:cobweb":2,"minecraft:terracotta":3,"minecraft:acacia_planks":10,"minecraft:stone_bricks":3,"minecraft:daylight_detector":1}},"DataVersion":3465}