{"stats":{"minecraft:killed_by":{"minecraft:pillager":1},"minecraft:custom":{"minecraft:interact_with_furnace":4,"minecraft:mob_kills":24,"minecraft:play_record":1,"minecraft:interact_with_crafting_table":12,"minecraft:open_barrel":12,"minecraft:interact_with_campfire":4,"minecraft:interact_with_stonecutter":1,"minecraft:time_since_death":20828,"minecraft:sleep_in_bed":2,"minecraft:climb_one_cm":4898,"minecraft:time_since_rest":20857,"minecraft:waystone_activated":1,"minecraft:sprint_one_cm":158246,"minecraft:damage_absorbed":10,"minecraft:damage_taken":1442,"minecraft:walk_one_cm":106036,"minecraft:drop":24,"minecraft:damage_dealt":4131,"twilightforest:life_charms_activated":1,"minecraft:swim_one_cm":14925,"minecraft:talked_to_villager":1,"minecraft:fly_one_cm":413644,"minecraft:open_chest":17,"minecraft:crouch_one_cm":2156,"minecraft:play_time":52200,"minecraft:deaths":1,"minecraft:sneak_time":874,"minecraft:walk_under_water_one_cm":2621,"minecraft:jump":1769,"minecraft:walk_on_water_one_cm":4237,"minecraft:total_world_time":52200,"minecraft:fall_one_cm":56807},"minecraft:mined":{"farmersdelight:rich_soil":1,"minecraft:blackstone":3,"minecraft:player_wall_head":1,"farmersdelight:canvas_rug":2,"minecraft:crafting_table":3,"minecraft:chiseled_bookshelf":2,"minecraft:blast_furnace":1,"supplementaries:wild_flax":1,"farmersdelight:oak_cabinet":2,"farmersdelight:wild_tomatoes":1,"amendments:skull_pile":1,"minecraft:chiseled_stone_bricks":4,"minecraft:spawner":3,"farmersdelight:skillet":1,"minecraft:magma_block":1,"minecraft:raw_gold_block":7,"farmersdelight:cutting_board":3,"minecraft:jukebox":1,"minecraft:potatoes":1,"minecraft:bell":1,"minecraft:grass":1,"minecraft:bookshelf":3,"minecraft:oak_log":36,"minecraft:sand":2,"minecraft:green_carpet":1,"minecraft:cobweb":2,"minecraft:terracotta":1,"minecraft:stone_bricks":3,"minecraft:stone":14,"minecraft:player_head":2,"minecraft:orange_bed":2},"minecraft:killed":{"minecraft:rabbit":4,"minecraft:vindicator":1,"alexsmobs:rattlesnake":1,"minecraft:creeper":1,"minecraft:skeleton":2,"minecraft:pillager":1,"minecraft:zombie":2,"friendsandfoes:mauler":1,"alexsmobs:kangaroo":7,"minecraft:cow":4},"minecraft:crafted":{"minecraft:wooden_sword":1,"minecraft:oak_planks":48,"minecraft:jukebox":1,"minecraft:crafting_table":4,"minecraft:wooden_pickaxe":1,"alexsmobs:cooked_kangaroo_meat":8,"minecraft:furnace":1,"minecraft:stone_axe":1,"minecraft:air":0,"alexsmobs:maraca":1,"minecraft:leather":4,"minecraft:stick":20,"minecraft:iron_pickaxe":1,"minecraft:stone_pickaxe":1,"minecraft:wooden_axe":1,"backpacked:backpack":1,"alexsmobs:kangaroo_burger":2},"minecraft:dropped":{"minecraft:stone_axe":1,"minecraft:goat_horn":1,"minecraft:player_head":2,"minecraft:oak_log":1,"biomesoplenty:rainbow_birch_sapling":1,"minecraft:red_terracotta":1,"supplementaries:flax_seeds":1,"alexsmobs:maraca":1,"alexsmobs:kangaroo_hide":1,"minecraft:emerald":1,"minecraft:chiseled_stone_bricks":3,"bygonenether:cobbled_blackstone":1,"minecraft:potato":1,"minecraft:wooden_axe":1,"minecraft:wooden_sword":1,"minecraft:sand":1,"minecraft:arrow":2,"minecraft:wooden_pickaxe":1,"minecraft:string":3,"twigs:twig":4,"minecraft:bone":6},"minecraft:used":{"minecraft:water_bucket":1,"minecraft:music_disc_otherside":1,"minecraft:stone_pickaxe":18,"minecraft:wooden_pickaxe":17,"farmersdelight:rich_soil":1,"minecraft:bell":1,"minecraft:player_head":3,"minecraft:orange_bed":1,"minecraft:golden_apple":1,"minecraft:sand":1,"alexsmobs:maraca":370,"minecraft:crafting_table":7,"alexsmobs:cooked_kangaroo_meat":8,"minecraft:oak_log":4,"minecraft:wooden_axe":22,"minecraft:bread":3,"minecraft:iron_pickaxe":8,"minecraft:stone_bricks":2,"minecraft:stone_axe":78,"minecraft:chiseled_stone_bricks":1,"farmersdelight:cooked_bacon":2,"minecraft:wooden_sword":2,"minecraft:goat_horn":1,"minecraft:furnace":1,"minecraft:cooked_beef":4,"minecraft:jukebox":1,"bygonenether:cobbled_blackstone":2},"minecraft:picked_up":{"minecraft:magma_block":1,"farmersdelight:rich_soil":1,"alexsmobs:maraca":1,"minecraft:crafting_table":3,"minecraft:cooked_beef":4,"minecraft:chicken":1,"minecraft:leather":2,"minecraft:potato":1,"farmersdelight:bacon":2,"minecraft:oak_log":30,"supplementaries:flax_seeds":1,"farmersdelight:cooked_bacon":2,"alexsmobs:cooked_kangaroo_meat":2,"spawnersplus:spawner_fragment":2,"farmersdelight:cutting_board":3,"farmersdelight:skillet":1,"minecraft:string":6,"minecraft:bone":4,"minecraft:stone_bricks":2,"minecraft:bucket":1,"minecraft:bell":1,"minecraft:rabbit_hide":3,"minecraft:music_disc_otherside":1,"minecraft:beef":10,"minecraft:player_head":6,"minecraft:rabbit":4,"twigs:twig":8,"farmersdelight:canvas_rug":2,"minecraft:book":21,"minecraft:raw_gold_block":7,"minecraft:jukebox":1,"bygonenether:cobbled_blackstone":3,"minecraft:chiseled_stone_bricks":4,"farmersdelight:minced_beef":2,"minecraft:torch":3,"minecraft:sand":2,"farmersdelight:tomato_seeds":1,"minecraft:blast_furnace":1,"minecraft:orange_bed":2,"alexsmobs:kangaroo_hide":9,"minecraft:arrow":2,"minecraft:stone_axe":1,"alexsmobs:rattlesnake_rattle":1,"farmersdelight:oak_cabinet":2,"minecraft:emerald":1,"minecraft:terracotta":1,"minecraft:oak_sapling":5,"alexsmobs:kangaroo_meat":10,"minecraft:cobblestone":14}},"DataVersion":3465}