{"stats":{"minecraft:picked_up":{"minecraft:crafting_table":2,"illagerinvasion:platinum_chunk":7,"minecraft:smithing_table":2,"biomesoplenty:fir_sapling":8,"biomesoplenty:fir_log":31,"minecraft:crimson_planks":4,"spawnersplus:spawner_fragment":1,"minecraft:string":3,"minecraft:dirt":23,"minecraft:white_carpet":1,"minecraft:wooden_sword":1,"minecraft:bone":5,"minecraft:purple_banner":1,"twigs:opaline_seashell":1,"biomesoplenty:fir_planks":5,"minecraft:spruce_planks":10,"minecraft:grindstone":1,"minecraft:beef":2,"twigs:twig":4,"delightful:green_tea_leaf":2,"minecraft:furnace":1,"biomesoplenty:toadstool":1,"minecraft:stick":1,"minecraft:torch":1,"minecraft:porkchop":10,"minecraft:jungle_planks":2,"minecraft:blast_furnace":1,"minecraft:ink_sac":4,"minecraft:purple_terracotta":1,"minecraft:dark_prismarine":1,"minecraft:arrow":17,"minecraft:rotten_flesh":4,"minecraft:crossbow":1,"alexsmobs:moose_ribs":4,"minecraft:emerald":18,"minecraft:ender_pearl":1,"minecraft:coal":1,"minecraft:iron_bars":2,"minecraft:snowball":27,"minecraft:cobblestone":31,"minecraft:wooden_axe":1},"minecraft:killed_by":{"minecraft:vindicator":2,"alexsmobs:moose":2,"alexsmobs:cachalot_whale":1},"minecraft:used":{"minecraft:stone_pickaxe":16,"minecraft:oak_planks":4,"minecraft:shield":1,"minecraft:spruce_planks":8,"minecraft:wooden_pickaxe":22,"biomesoplenty:fir_planks":36,"minecraft:torch":1,"minecraft:dirt":23,"minecraft:crafting_table":5,"minecraft:blast_furnace":1,"minecraft:snowball":17,"minecraft:wooden_axe":35,"minecraft:diamond_pickaxe":4,"minecraft:apple":3,"everycomp:q/biomesoplenty/fir_chest":1,"minecraft:bread":6,"minecraft:diamond_chestplate":1,"minecraft:stone_axe":61,"minecraft:diamond_sword":102,"minecraft:cobblestone":17,"minecraft:smithing_table":1,"minecraft:furnace":2,"minecraft:cooked_porkchop":10,"minecraft:experience_bottle":2,"minecraft:splash_potion":1},"minecraft:mined":{"minecraft:dark_prismarine":1,"minecraft:spruce_planks":12,"minecraft:infested_stone_bricks":1,"minecraft:powder_snow":51,"minecraft:crafting_table":2,"minecraft:blast_furnace":1,"minecraft:purple_terracotta":2,"minecraft:grass_block":1,"biomesoplenty:fir_planks":5,"minecraft:jungle_planks":2,"minecraft:cobblestone":1,"minecraft:grindstone":1,"minecraft:spawner":1,"minecraft:furnace":1,"minecraft:ice":2,"minecraft:white_carpet":1,"biomesoplenty:fir_log":30,"minecraft:iron_bars":3,"minecraft:dirt":9,"minecraft:cobweb":1,"minecraft:crimson_planks":4,"minecraft:stone":29,"minecraft:smithing_table":2,"twigs:opaline_seashell":1},"minecraft:crafted":{"minecraft:cooked_beef":2,"minecraft:wooden_sword":1,"blue_skies:blue_journal":1,"minecraft:oak_planks":16,"minecraft:diamond_sword":1,"minecraft:emerald":12,"minecraft:cooked_porkchop":10,"minecraft:crafting_table":3,"minecraft:chainmail_chestplate":1,"minecraft:iron_helmet":10,"minecraft:wooden_pickaxe":1,"minecraft:furnace":1,"minecraft:stone_axe":1,"minecraft:air":0,"biomesoplenty:fir_planks":120,"minecraft:diamond_helmet":1,"minecraft:diamond_leggings":2,"minecraft:diamond_pickaxe":1,"minecraft:shield":1,"minecraft:stick":16,"minecraft:wooden_axe":2,"minecraft:stone_pickaxe":1,"minecraft:diamond_boots":3,"minecraft:diamond_chestplate":1,"minecraft:chainmail_leggings":8,"everycomp:q/biomesoplenty/fir_chest":1},"minecraft:custom":{"minecraft:interact_with_smithing_table":1,"minecraft:interact_with_furnace":11,"minecraft:mob_kills":44,"minecraft:traded_with_villager":39,"minecraft:interact_with_crafting_table":14,"minecraft:open_barrel":11,"minecraft:time_since_death":17804,"minecraft:sleep_in_bed":1,"minecraft:climb_one_cm":6109,"minecraft:time_since_rest":17833,"minecraft:sprint_one_cm":162638,"minecraft:damage_taken":2676,"minecraft:walk_one_cm":114623,"minecraft:damage_blocked_by_shield":40,"minecraft:drop":43,"minecraft:damage_dealt":9657,"twilightforest:life_charms_activated":1,"minecraft:swim_one_cm":34690,"minecraft:talked_to_villager":29,"minecraft:fly_one_cm":321201,"minecraft:open_chest":30,"minecraft:crouch_one_cm":5528,"minecraft:play_time":55466,"minecraft:deaths":5,"minecraft:sneak_time":2208,"minecraft:walk_under_water_one_cm":13656,"minecraft:jump":1310,"minecraft:interact_with_brewingstand":1,"minecraft:walk_on_water_one_cm":6677,"minecraft:interact_with_smoker":3,"minecraft:total_world_time":55466,"minecraft:fall_one_cm":25723,"minecraft:inspect_dispenser":4},"minecraft:dropped":{"biomesoplenty:fir_log":1,"minecraft:crimson_planks":4,"biomesoplenty:toadstool":1,"minecraft:diamond_hoe":1,"minecraft:iron_helmet":10,"minecraft:oak_planks":2,"minecraft:rotten_flesh":4,"minecraft:stick":1,"biomesoplenty:fir_planks":2,"minecraft:skeleton_skull":1,"minecraft:ink_sac":4,"minecraft:torch":1,"minecraft:iron_chestplate":1,"minecraft:wooden_axe":3,"minecraft:wooden_sword":2,"minecraft:stone_pickaxe":1,"minecraft:wooden_pickaxe":1,"minecraft:chainmail_leggings":8,"spawnersplus:spawner_fragment":1},"minecraft:killed":{"minecraft:pig":4,"minecraft:spider":4,"minecraft:vindicator":3,"minecraft:creeper":1,"minecraft:skeleton":4,"minecraft:pillager":13,"minecraft:zombie":7,"alexsmobs:moose":2,"minecraft:silverfish":3,"minecraft:enderman":1,"minecraft:cow":1}},"DataVersion":3465}