{"stats":{"minecraft:custom":{"minecraft:time_since_rest":5075,"minecraft:waystone_activated":1,"minecraft:sprint_one_cm":45428,"minecraft:damage_taken":420,"minecraft:walk_one_cm":47117,"minecraft:mob_kills":14,"minecraft:drop":1,"minecraft:damage_dealt":2125,"minecraft:interact_with_crafting_table":4,"minecraft:swim_one_cm":352,"minecraft:fly_one_cm":111684,"minecraft:open_barrel":11,"minecraft:open_chest":2,"minecraft:crouch_one_cm":353,"minecraft:play_time":16200,"minecraft:interact_with_campfire":4,"minecraft:sneak_time":130,"minecraft:walk_under_water_one_cm":88,"minecraft:jump":536,"minecraft:climb_one_cm":3235,"minecraft:walk_on_water_one_cm":263,"minecraft:time_since_death":16200,"minecraft:sleep_in_bed":1,"minecraft:total_world_time":16200,"minecraft:fall_one_cm":14438},"minecraft:mined":{"minecraft:blackstone":3,"minecraft:crafting_table":2,"minecraft:blast_furnace":1,"minecraft:chiseled_bookshelf":2,"minecraft:grass":1,"minecraft:bookshelf":3,"minecraft:oak_log":8,"minecraft:sand":1,"minecraft:stone":14,"minecraft:orange_bed":1},"minecraft:killed":{"minecraft:vindicator":1,"minecraft:rabbit":3,"alexsmobs:kangaroo":6,"minecraft:cow":4},"minecraft:crafted":{"minecraft:oak_planks":16,"minecraft:leather":3,"minecraft:crafting_table":1,"minecraft:stick":8,"minecraft:wooden_pickaxe":1,"minecraft:stone_pickaxe":1,"minecraft:wooden_axe":1,"minecraft:stone_axe":1},"minecraft:dropped":{"minecraft:oak_log":1},"minecraft:used":{"minecraft:oak_log":4,"minecraft:wooden_axe":22,"minecraft:bread":3,"minecraft:stone_pickaxe":2,"minecraft:wooden_pickaxe":17,"minecraft:stone_axe":20,"minecraft:crafting_table":2,"minecraft:cooked_beef":4,"bygonenether:cobbled_blackstone":2},"minecraft:picked_up":{"minecraft:book":21,"minecraft:crafting_table":2,"minecraft:cooked_beef":4,"bygonenether:cobbled_blackstone":3,"minecraft:leather":2,"minecraft:sand":1,"minecraft:oak_log":9,"minecraft:blast_furnace":1,"minecraft:orange_bed":1,"alexsmobs:kangaroo_hide":7,"minecraft:rabbit_hide":3,"minecraft:beef":10,"minecraft:rabbit":3,"alexsmobs:kangaroo_meat":8,"minecraft:cobblestone":14}},"DataVersion":3465}