{"stats":{"minecraft:picked_up":{"minecraft:crafting_table":2,"illagerinvasion:platinum_chunk":4,"biomesoplenty:fir_sapling":8,"biomesoplenty:fir_log":31,"minecraft:crimson_planks":4,"spawnersplus:spawner_fragment":1,"minecraft:string":2,"minecraft:dirt":23,"minecraft:wooden_sword":1,"minecraft:purple_banner":1,"twigs:opaline_seashell":1,"biomesoplenty:fir_planks":2,"minecraft:spruce_planks":10,"minecraft:beef":2,"twigs:twig":4,"delightful:green_tea_leaf":2,"biomesoplenty:toadstool":1,"minecraft:stick":1,"minecraft:torch":1,"minecraft:porkchop":10,"minecraft:jungle_planks":2,"minecraft:ink_sac":4,"minecraft:purple_terracotta":1,"minecraft:dark_prismarine":1,"minecraft:arrow":10,"minecraft:rotten_flesh":3,"minecraft:emerald":13,"minecraft:snowball":10,"minecraft:cobblestone":31,"minecraft:wooden_axe":1},"minecraft:killed_by":{"minecraft:vindicator":2,"alexsmobs:cachalot_whale":1},"minecraft:used":{"minecraft:stone_pickaxe":14,"minecraft:spruce_planks":8,"minecraft:wooden_pickaxe":22,"biomesoplenty:fir_planks":5,"minecraft:torch":1,"minecraft:dirt":23,"minecraft:crafting_table":4,"minecraft:wooden_axe":35,"minecraft:bread":3,"minecraft:stone_axe":49,"minecraft:diamond_sword":47,"minecraft:cobblestone":17,"minecraft:furnace":1,"minecraft:cooked_porkchop":6},"minecraft:crafted":{"minecraft:wooden_sword":1,"minecraft:diamond_sword":1,"minecraft:cooked_porkchop":6,"minecraft:crafting_table":2,"minecraft:wooden_pickaxe":1,"minecraft:furnace":1,"minecraft:stone_axe":1,"minecraft:air":0,"biomesoplenty:fir_planks":56,"minecraft:diamond_pickaxe":1,"minecraft:stick":16,"minecraft:wooden_axe":2,"minecraft:stone_pickaxe":1},"minecraft:mined":{"minecraft:dark_prismarine":1,"minecraft:spruce_planks":12,"minecraft:infested_stone_bricks":1,"minecraft:crafting_table":2,"minecraft:purple_terracotta":2,"minecraft:grass_block":1,"biomesoplenty:fir_planks":1,"minecraft:jungle_planks":2,"minecraft:cobblestone":1,"minecraft:spawner":1,"minecraft:ice":2,"biomesoplenty:fir_log":30,"minecraft:dirt":9,"minecraft:crimson_planks":4,"minecraft:stone":29,"twigs:opaline_seashell":1},"minecraft:custom":{"minecraft:interact_with_furnace":6,"minecraft:mob_kills":31,"minecraft:interact_with_crafting_table":10,"minecraft:open_barrel":8,"minecraft:time_since_death":10815,"minecraft:time_since_rest":10884,"minecraft:sprint_one_cm":84781,"minecraft:damage_taken":1771,"minecraft:walk_one_cm":73250,"minecraft:drop":21,"minecraft:damage_dealt":6170,"twilightforest:life_charms_activated":1,"minecraft:swim_one_cm":34690,"minecraft:fly_one_cm":158962,"minecraft:open_chest":4,"minecraft:crouch_one_cm":5144,"minecraft:play_time":31466,"minecraft:deaths":3,"minecraft:sneak_time":1959,"minecraft:walk_under_water_one_cm":13656,"minecraft:jump":673,"minecraft:walk_on_water_one_cm":6677,"minecraft:total_world_time":31466,"minecraft:fall_one_cm":11897,"minecraft:inspect_dispenser":4},"minecraft:dropped":{"biomesoplenty:fir_log":1,"minecraft:crimson_planks":4,"biomesoplenty:toadstool":1,"minecraft:diamond_hoe":1,"minecraft:rotten_flesh":3,"minecraft:stick":1,"biomesoplenty:fir_planks":2,"minecraft:skeleton_skull":1,"minecraft:ink_sac":4,"minecraft:torch":1,"minecraft:iron_chestplate":1,"minecraft:wooden_axe":3,"minecraft:wooden_sword":2,"minecraft:wooden_pickaxe":1},"minecraft:killed":{"minecraft:pig":4,"minecraft:spider":3,"minecraft:vindicator":3,"minecraft:creeper":1,"minecraft:skeleton":1,"minecraft:pillager":9,"minecraft:zombie":5,"minecraft:silverfish":3,"minecraft:cow":1}},"DataVersion":3465}