{"stats":{"minecraft:picked_up":{"minecraft:enchanting_table":1,"minecraft:crafting_table":2,"minecraft:iron_chestplate":1,"illagerinvasion:platinum_chunk":7,"blue_skies:turquoise_stone_axe":1,"minecraft:salmon":4,"blue_skies:brewberry":14,"minecraft:packed_ice":2,"blue_skies:moonstone":3,"biomesoplenty:fir_sapling":25,"biomesoplenty:fir_log":75,"blue_skies:turquoise_cobblestone":30,"minecraft:gunpowder":4,"minecraft:dirt":11,"minecraft:red_carpet":3,"minecraft:stone_bricks":1,"blue_skies:pyrope_gem":7,"minecraft:wheat_seeds":1,"alexsmobs:cooked_moose_ribs":1,"blue_skies:camellia":1,"minecraft:stone_pickaxe":1,"minecraft:mossy_stone_bricks":1,"delightful:green_tea_leaf":1,"twigs:twig":9,"minecraft:diamond_hoe":2,"minecraft:book":21,"biomesoplenty:toadstool":1,"minecraft:stick":4,"minecraft:dandelion":1,"blue_skies:turquoise_dirt":4,"blue_skies:bluebright_log":3,"minecraft:diorite":6,"minecraft:spider_eye":1,"minecraft:mossy_cobblestone":6,"blue_skies:pine_fruit_seeds":1,"minecraft:yellow_carpet":1,"minecraft:rotten_flesh":2,"minecraft:stone_axe":2,"minecraft:soul_lantern":1,"minecraft:diamond_boots":1,"alexsmobs:rainbow_jelly":2,"blue_skies:bluebright_pickaxe":1,"alexsmobs:moose_ribs":3,"minecraft:emerald":2,"blue_skies:bluebright_stick":2,"blue_skies:moonstone_shard":48,"minecraft:mutton":2,"minecraft:snowball":1,"minecraft:skeleton_skull":1,"minecraft:white_wool":2},"minecraft:killed_by":{"minecraft:vindicator":1,"minecraft:spider":1,"alexsmobs:moose":1,"minecraft:vex":1},"minecraft:crafted":{"blue_skies:pyrope_helmet":1,"blue_skies:bluebright_planks":12,"blue_skies:bluebright_pickaxe":1,"minecraft:crafting_table":2,"minecraft:wooden_pickaxe":1,"blue_skies:turquoise_stone_pickaxe":1,"minecraft:stone_axe":3,"blue_skies:moonstone":20,"biomesoplenty:fir_planks":36,"blue_skies:bluebright_stick":4,"minecraft:shield":1,"blue_skies:bluebright_spear":1,"minecraft:stick":50,"minecraft:stone_pickaxe":1,"blue_skies:turquoise_stone_axe":1},"minecraft:used":{"minecraft:diorite":3,"minecraft:stone_pickaxe":15,"minecraft:diamond_hoe":3,"blue_skies:turquoise_cobblestone":3,"minecraft:shield":1,"minecraft:wooden_pickaxe":10,"minecraft:rotten_flesh":2,"minecraft:dirt":11,"minecraft:crafting_table":4,"blue_skies:camellia":1,"blue_skies:brewberry":4,"minecraft:bread":8,"alexsmobs:rainbow_jelly":2,"blue_skies:bluebright_pickaxe":28,"minecraft:stone_axe":122,"alexsmobs:cooked_moose_ribs":1,"minecraft:sweet_berries":19,"blue_skies:turquoise_stone_axe":5,"blue_skies:turquoise_stone_pickaxe":41,"blue_skies:bluebright_spear":2,"blue_skies:moonstone":14},"minecraft:mined":{"minecraft:podzol":1,"blue_skies:camellia":1,"minecraft:red_carpet":1,"blue_skies:turquoise_stone":29,"minecraft:mossy_cobblestone":6,"blue_skies:turquoise_grass":1,"minecraft:infested_stone_bricks":1,"blue_skies:bluebright_leaves":1,"blue_skies:moonstone":2,"minecraft:crafting_table":2,"minecraft:grass_block":6,"minecraft:yellow_carpet":1,"minecraft:diorite":8,"blue_skies:turquoise_grass_block":1,"minecraft:sweet_berry_bush":1,"minecraft:ice":1,"blue_skies:everbright_moonstone_ore":26,"minecraft:enchanting_table":1,"biomesoplenty:fir_log":75,"blue_skies:turquoise_cobblestone":1,"minecraft:bookshelf":7,"minecraft:grass":1,"biomesoplenty:fir_leaves":84,"blue_skies:bluebright_log":3,"blue_skies:turquoise_dirt":3,"minecraft:dirt":5,"blue_skies:everbright_pyrope_ore":7,"minecraft:stone_bricks":1,"minecraft:mossy_stone_bricks":1,"minecraft:suspicious_gravel":1},"minecraft:custom":{"minecraft:interact_with_smithing_table":1,"minecraft:interact_with_furnace":6,"minecraft:mob_kills":18,"minecraft:interact_with_crafting_table":18,"minecraft:open_barrel":4,"minecraft:leave_game":3,"minecraft:time_since_death":27742,"minecraft:climb_one_cm":6004,"minecraft:time_since_rest":27769,"minecraft:sprint_one_cm":211412,"minecraft:damage_taken":1947,"minecraft:walk_one_cm":159136,"minecraft:drop":31,"minecraft:damage_dealt":3407,"minecraft:swim_one_cm":19022,"minecraft:talked_to_villager":2,"minecraft:fly_one_cm":212827,"minecraft:open_chest":18,"minecraft:crouch_one_cm":11074,"minecraft:play_time":82049,"minecraft:deaths":5,"minecraft:sneak_time":3682,"minecraft:walk_under_water_one_cm":13247,"minecraft:jump":923,"minecraft:interact_with_brewingstand":1,"minecraft:interact_with_blast_furnace":4,"minecraft:walk_on_water_one_cm":5860,"minecraft:total_world_time":82049,"minecraft:fall_one_cm":19017},"minecraft:dropped":{"biomesoplenty:fir_log":1,"minecraft:bread":1,"minecraft:stone_axe":2,"minecraft:iron_nugget":5,"minecraft:tnt":2,"blue_skies:turquoise_dirt":4,"minecraft:diamond_hoe":1,"blue_skies:moonstone":1,"minecraft:pumpkin_seeds":5,"blue_skies:turquoise_stone_axe":1,"illagerinvasion:platinum_chunk":7,"minecraft:packed_ice":2,"minecraft:gunpowder":2,"blue_skies:bluebright_pickaxe":2,"minecraft:snowball":2,"minecraft:stone_bricks":1,"minecraft:diamond_boots":1,"minecraft:stone_pickaxe":2,"minecraft:wooden_pickaxe":1,"minecraft:white_wool":2},"minecraft:killed":{"minecraft:witch":1,"minecraft:salmon":5,"minecraft:spider":1,"minecraft:creeper":1,"minecraft:pillager":4,"alexsmobs:comb_jelly":1,"alexsmobs:moose":1,"minecraft:silverfish":1,"blue_skies:stardust_ram":1,"blue_skies:armored_frost_spirit":2}},"DataVersion":3465}