{"stats":{"minecraft:killed_by":{"minecraft:pillager":1},"minecraft:custom":{"minecraft:time_since_rest":8785,"minecraft:sprint_one_cm":61718,"minecraft:damage_taken":499,"minecraft:walk_one_cm":21787,"minecraft:damage_dealt":32,"minecraft:interact_with_crafting_table":3,"minecraft:swim_one_cm":14235,"minecraft:fly_one_cm":47325,"minecraft:open_chest":1,"minecraft:crouch_one_cm":85,"minecraft:play_time":12421,"minecraft:deaths":1,"minecraft:sneak_time":220,"minecraft:walk_under_water_one_cm":2788,"minecraft:jump":276,"minecraft:walk_on_water_one_cm":1655,"minecraft:time_since_death":8762,"minecraft:climb_one_cm":148,"minecraft:total_world_time":12421,"minecraft:fall_one_cm":6105},"minecraft:mined":{"twigs:tangerine_seashell":2,"minecraft:crafting_table":1,"minecraft:acacia_log":63,"biomesoplenty:dead_log":12,"minecraft:oak_log":21,"minecraft:sand":17,"minecraft:bone_block":2,"minecraft:player_head":3,"minecraft:sandstone":24,"biomesoplenty:dune_grass":1},"minecraft:broken":{"minecraft:wooden_axe":1},"minecraft:crafted":{"biomesoplenty:dead_planks":12,"minecraft:crafting_table":1,"minecraft:stick":4,"minecraft:wooden_pickaxe":1,"minecraft:wooden_axe":1},"minecraft:used":{"minecraft:wooden_axe":63,"minecraft:wooden_pickaxe":26,"minecraft:player_head":1,"minecraft:rotten_flesh":2,"minecraft:stone_axe":35,"minecraft:sand":16,"minecraft:crafting_table":1,"minecraft:goat_horn":1,"delightful:acorn":3},"minecraft:picked_up":{"minecraft:crafting_table":1,"minecraft:sandstone":24,"alexsmobs:acacia_blossom":1,"minecraft:acacia_log":61,"biomesoplenty:dead_log":11,"minecraft:sand":18,"minecraft:oak_log":21,"minecraft:goat_horn":1,"delightful:acorn":3,"minecraft:player_head":4,"minecraft:oak_sapling":3,"twigs:twig":7,"twigs:tangerine_seashell":2,"minecraft:acacia_sapling":2,"minecraft:bone_block":2}},"DataVersion":3465}