{"stats":{"minecraft:custom":{"minecraft:mob_kills":27,"minecraft:interact_with_crafting_table":11,"minecraft:open_barrel":19,"minecraft:leave_game":2,"minecraft:time_since_death":39346,"minecraft:climb_one_cm":4161,"minecraft:sprint_one_cm":602510,"minecraft:walk_one_cm":390531,"minecraft:drop":32,"minecraft:play_time":140470,"minecraft:deaths":21,"minecraft:sneak_time":3622,"minecraft:walk_under_water_one_cm":31480,"minecraft:boat_one_cm":35019,"minecraft:jump":1969,"minecraft:walk_on_water_one_cm":18586,"minecraft:total_world_time":140470,"minecraft:interact_with_furnace":1,"minecraft:interact_with_grindstone":1,"minecraft:sleep_in_bed":2,"minecraft:time_since_rest":39401,"minecraft:damage_taken":8243,"minecraft:damage_dealt":6193,"minecraft:swim_one_cm":144453,"minecraft:fly_one_cm":416534,"minecraft:open_chest":61,"minecraft:crouch_one_cm":4699,"minecraft:fall_one_cm":74479},"minecraft:crafted":{"minecraft:flint_and_steel":1,"biomesoplenty:dead_planks":44,"minecraft:crafting_table":4,"minecraft:wooden_pickaxe":2,"minecraft:gold_block":9,"minecraft:bread":16,"minecraft:diamond_pickaxe":1,"minecraft:stick":16,"minecraft:iron_ingot":4,"minecraft:wooden_axe":3,"minecraft:iron_block":7},"minecraft:picked_up":{"minecraft:crafting_table":2,"minecraft:iron_chestplate":1,"minecraft:wheat":3,"illagerinvasion:platinum_chunk":2,"supplementaries:bomb_blue":2,"minecraft:cooked_rabbit":2,"spawnersplus:spawner_fragment":2,"minecraft:shield":1,"minecraft:iron_leggings":1,"supplementaries:bomb":3,"alexsmobs:emu_feather":3,"minecraft:diamond_leggings":2,"minecraft:gold_nugget":13,"minecraft:bucket":1,"delightful:acorn":3,"nethersdelight:hoglin_sirloin":2,"minecraft:player_head":7,"minecraft:cyan_wool":2,"minecraft:stick":14,"minecraft:sandstone":24,"bygonenether:cobbled_blackstone":1,"minecraft:acacia_log":63,"minecraft:green_bed":2,"farmersdelight:tomato_seeds":2,"minecraft:goat_horn":1,"minecraft:dark_oak_planks":1,"minecraft:arrow":27,"alexsmobs:kangaroo_burger":1,"minecraft:rotten_flesh":3,"minecraft:pumpkin_pie":2,"biomesoplenty:palm_log":9,"biomesoplenty:orange_sandstone":4,"alexsmobs:emu_egg":4,"alexsmobs:kangaroo_meat":12,"twigs:tangerine_seashell":2,"minecraft:bone_block":2,"biomesoplenty:orange_sand":3,"minecraft:white_wool":1,"minecraft:water_bucket":1,"alexsmobs:acacia_blossom":1,"biomesoplenty:dead_log":19,"minecraft:birch_planks":7,"minecraft:flint":1,"minecraft:oak_log":21,"minecraft:ancient_debris":10,"alexsmobs:cooked_kangaroo_meat":2,"minecraft:golden_boots":1,"farmersdelight:skillet":1,"minecraft:bone":6,"minecraft:acacia_planks":16,"minecraft:kelp":14,"minecraft:glowstone_dust":6,"twigs:twig":8,"minecraft:cyan_concrete":20,"minecraft:oak_planks":2,"minecraft:iron_sword":2,"minecraft:acacia_sapling":3,"minecraft:dark_oak_stairs":1,"minecraft:sand":20,"minecraft:gravel":2,"minecraft:ink_sac":5,"alexsmobs:raw_catfish":1,"alexsmobs:kangaroo_hide":11,"minecraft:stone_axe":2,"minecraft:bone_meal":1,"minecraft:bread":1,"minecraft:emerald":4,"minecraft:oak_sapling":3,"minecraft:ender_pearl":4},"minecraft:mined":{"minecraft:dark_oak_planks":2,"minecraft:acacia_log":63,"biomesoplenty:orange_sandstone":4,"minecraft:frosted_ice":1,"minecraft:sandstone":24,"biomesoplenty:dune_grass":1,"minecraft:gilded_blackstone":3,"biomesoplenty:palm_log":9,"minecraft:tall_seagrass":1,"minecraft:glowstone":1,"minecraft:fire":53,"minecraft:dark_oak_stairs":4,"minecraft:cyan_concrete":20,"minecraft:bone_block":2,"minecraft:player_head":3,"minecraft:white_wool":1,"minecraft:green_bed":2,"minecraft:acacia_leaves":7,"minecraft:blackstone":16,"biomesoplenty:orange_sand":3,"minecraft:crafting_table":2,"delightful:pumpkin_pie":1,"minecraft:dead_bush":1,"minecraft:oak_planks":4,"minecraft:cyan_wool":2,"minecraft:birch_planks":7,"farmersdelight:skillet":1,"twigs:tangerine_seashell":2,"bygonenether:cobbled_blackstone":1,"minecraft:grass":3,"biomesoplenty:dead_log":20,"minecraft:oak_log":21,"minecraft:gravel":2,"minecraft:sand":21,"minecraft:cobweb":1,"minecraft:brown_terracotta":1,"minecraft:acacia_planks":3,"minecraft:ancient_debris":5},"minecraft:killed_by":{"minecraft:pillager":8,"cataclysm:deepling":1,"minecraft:skeleton":9},"minecraft:used":{"alexsmobs:emu_egg":4,"minecraft:flint_and_steel":3,"minecraft:iron_sword":105,"minecraft:player_head":3,"minecraft:rotten_flesh":5,"minecraft:iron_chestplate":2,"minecraft:diamond_helmet":1,"minecraft:cyan_wool":2,"minecraft:dark_oak_planks":1,"minecraft:wooden_axe":90,"biomesoplenty:orange_sand":3,"alexsmobs:kangaroo_burger":1,"supplementaries:bomb_blue":1,"minecraft:diamond_chestplate":2,"biomesoplenty:orange_sandstone":1,"minecraft:goat_horn":1,"minecraft:acacia_planks":5,"minecraft:dark_oak_stairs":1,"minecraft:water_bucket":3,"farmersdelight:skillet":1,"minecraft:birch_planks":1,"minecraft:ender_pearl":2,"minecraft:wooden_pickaxe":38,"minecraft:green_bed":2,"minecraft:white_wool":1,"minecraft:sand":17,"minecraft:crafting_table":4,"supplementaries:bomb":3,"minecraft:diamond_pickaxe":25,"minecraft:bread":34,"minecraft:iron_pickaxe":23,"minecraft:cyan_concrete":18,"minecraft:gravel":1,"minecraft:stone_axe":83,"minecraft:bucket":3,"minecraft:diamond_leggings":1,"delightful:acorn":3,"minecraft:experience_bottle":2},"minecraft:killed":{"minecraft:endermite":1,"alexsmobs:rattlesnake":1,"minecraft:skeleton":6,"alexsmobs:hammerhead_shark":1,"alexsmobs:kangaroo":5,"minecraft:husk":1,"minecraft:hoglin":2,"alexsmobs:emu":2,"alexsmobs:catfish":1,"minecraft:enderman":1},"minecraft:broken":{"minecraft:stone_axe":1,"minecraft:wooden_axe":1},"minecraft:dropped":{"minecraft:bread":1,"minecraft:iron_sword":1,"minecraft:diamond_leggings":2,"alexsmobs:raw_catfish":1,"bygonenether:cobbled_blackstone":1,"minecraft:ink_sac":3,"supplementaries:bomb_blue":2,"minecraft:bone_meal":1,"minecraft:sand":2,"minecraft:gravel":1,"minecraft:compass":1,"minecraft:ancient_debris":5,"minecraft:golden_chestplate":1,"minecraft:wheat":5,"alexsmobs:cooked_kangaroo_meat":2,"minecraft:iron_chestplate":1,"minecraft:cyan_concrete":2,"minecraft:cooked_rabbit":1,"farmersdelight:tomato_seeds":4}},"DataVersion":3465}