{"stats":{"minecraft:picked_up":{"minecraft:iron_chestplate":1,"minecraft:crafting_table":2,"illagerinvasion:platinum_chunk":7,"blue_skies:turquoise_stone_axe":1,"minecraft:packed_ice":2,"alexsmobs:cooked_moose_ribs":1,"delightful:green_tea_leaf":1,"minecraft:diamond_hoe":2,"minecraft:stick":4,"minecraft:diorite":6,"minecraft:rotten_flesh":2,"minecraft:diamond_boots":1,"blue_skies:moonstone_shard":48,"minecraft:mutton":2,"minecraft:skeleton_skull":1,"minecraft:snowball":1,"minecraft:white_wool":2,"minecraft:enchanting_table":1,"minecraft:salmon":4,"blue_skies:brewberry":14,"biomesoplenty:fir_sapling":25,"biomesoplenty:fir_log":75,"blue_skies:moonstone":17,"blue_skies:turquoise_cobblestone":34,"minecraft:gunpowder":4,"minecraft:dirt":11,"minecraft:red_carpet":3,"minecraft:stone_bricks":1,"blue_skies:pyrope_gem":17,"blue_skies:raw_falsite":6,"minecraft:wheat_seeds":1,"minecraft:stone_pickaxe":1,"blue_skies:camellia":1,"minecraft:mossy_stone_bricks":1,"twigs:twig":9,"minecraft:book":21,"biomesoplenty:toadstool":1,"minecraft:dandelion":1,"blue_skies:turquoise_dirt":6,"blue_skies:bluebright_log":3,"minecraft:spider_eye":1,"minecraft:mossy_cobblestone":6,"blue_skies:raw_aquite":2,"blue_skies:pine_fruit_seeds":1,"minecraft:yellow_carpet":1,"minecraft:stone_axe":2,"minecraft:soul_lantern":1,"alexsmobs:rainbow_jelly":2,"blue_skies:bluebright_pickaxe":1,"alexsmobs:moose_ribs":3,"minecraft:emerald":2,"blue_skies:bluebright_stick":2},"minecraft:killed_by":{"minecraft:spider":1,"minecraft:vindicator":1,"alexsmobs:moose":1,"minecraft:vex":1},"minecraft:used":{"minecraft:diamond_hoe":3,"minecraft:shield":1,"minecraft:rotten_flesh":2,"minecraft:dirt":11,"blue_skies:camellia":1,"blue_skies:bluebright_planks":1,"alexsmobs:rainbow_jelly":2,"blue_skies:pyrope_chestplate":1,"minecraft:sweet_berries":19,"blue_skies:turquoise_stone_pickaxe":64,"blue_skies:bluebright_spear":4,"blue_skies:moonstone":20,"minecraft:diorite":3,"minecraft:stone_pickaxe":15,"minecraft:wooden_pickaxe":10,"blue_skies:turquoise_cobblestone":3,"minecraft:crafting_table":5,"blue_skies:brewberry":10,"minecraft:bread":9,"blue_skies:bluebright_pickaxe":28,"minecraft:stone_axe":122,"alexsmobs:cooked_moose_ribs":1,"blue_skies:pyrope_pickaxe":6,"blue_skies:turquoise_stone_axe":25},"minecraft:crafted":{"blue_skies:bluebright_planks":12,"blue_skies:turquoise_stone_pickaxe":1,"blue_skies:bluebright_spear":1,"minecraft:stone_pickaxe":1,"blue_skies:bluebright_pickaxe":1,"minecraft:crafting_table":3,"blue_skies:pyrope_helmet":1,"minecraft:spruce_planks":4,"minecraft:wooden_pickaxe":1,"blue_skies:pyrope_chestplate":1,"minecraft:stone_axe":3,"blue_skies:moonstone":20,"biomesoplenty:fir_planks":36,"blue_skies:bluebright_stick":4,"minecraft:shield":1,"blue_skies:pyrope_pickaxe":1,"minecraft:stick":50,"blue_skies:turquoise_stone_axe":1},"minecraft:mined":{"minecraft:red_carpet":1,"minecraft:mossy_cobblestone":6,"blue_skies:bluebright_leaves":1,"blue_skies:moonstone":2,"minecraft:grass_block":6,"minecraft:yellow_carpet":1,"blue_skies:sea_moss":1,"blue_skies:everbright_aquite_ore":2,"blue_skies:sea_moss_block":1,"blue_skies:everbright_moonstone_ore":26,"minecraft:enchanting_table":1,"minecraft:bookshelf":7,"blue_skies:turquoise_cobblestone":1,"blue_skies:sea_moss_carpet":1,"minecraft:podzol":1,"blue_skies:camellia":1,"blue_skies:turquoise_stone":35,"blue_skies:turquoise_grass":1,"minecraft:infested_stone_bricks":1,"minecraft:crafting_table":2,"minecraft:diorite":8,"blue_skies:falsite_ore":6,"blue_skies:turquoise_grass_block":2,"minecraft:sweet_berry_bush":1,"minecraft:ice":1,"biomesoplenty:fir_log":75,"minecraft:grass":1,"biomesoplenty:fir_leaves":84,"blue_skies:bluebright_log":3,"blue_skies:turquoise_dirt":3,"minecraft:dirt":5,"minecraft:stone_bricks":1,"minecraft:mossy_stone_bricks":1,"minecraft:suspicious_gravel":1,"blue_skies:everbright_pyrope_ore":17},"minecraft:custom":{"minecraft:interact_with_smithing_table":1,"minecraft:mob_kills":23,"minecraft:interact_with_crafting_table":22,"minecraft:open_barrel":4,"minecraft:leave_game":3,"minecraft:time_since_death":39742,"minecraft:climb_one_cm":6004,"minecraft:sprint_one_cm":248831,"minecraft:walk_one_cm":175165,"minecraft:drop":39,"minecraft:talked_to_villager":2,"minecraft:play_time":94049,"minecraft:deaths":5,"minecraft:sneak_time":3822,"minecraft:walk_under_water_one_cm":23566,"minecraft:jump":1134,"minecraft:interact_with_brewingstand":1,"minecraft:interact_with_blast_furnace":4,"minecraft:walk_on_water_one_cm":31017,"minecraft:total_world_time":94049,"minecraft:interact_with_furnace":6,"minecraft:time_since_rest":39769,"minecraft:damage_taken":2034,"minecraft:damage_dealt":4442,"minecraft:swim_one_cm":47148,"minecraft:fly_one_cm":245057,"minecraft:open_chest":18,"minecraft:crouch_one_cm":11280,"minecraft:fall_one_cm":21494},"minecraft:dropped":{"biomesoplenty:fir_log":1,"minecraft:bread":1,"minecraft:tnt":2,"blue_skies:moonstone":14,"blue_skies:turquoise_stone_axe":1,"blue_skies:turquoise_stone_pickaxe":1,"illagerinvasion:platinum_chunk":7,"minecraft:packed_ice":2,"minecraft:snowball":2,"minecraft:white_wool":2,"minecraft:spruce_sapling":7,"minecraft:stone_axe":2,"minecraft:iron_nugget":5,"blue_skies:turquoise_dirt":6,"minecraft:diamond_hoe":1,"minecraft:pumpkin_seeds":5,"minecraft:gunpowder":4,"minecraft:iron_chestplate":1,"blue_skies:bluebright_pickaxe":2,"minecraft:stone_bricks":1,"minecraft:diamond_boots":1,"minecraft:wooden_pickaxe":1,"minecraft:stone_pickaxe":2},"minecraft:killed":{"blue_skies:armored_frost_spirit":5,"minecraft:witch":1,"minecraft:spider":1,"blue_skies:whistleshell_crab":1,"blue_skies:diophyde_prowler":1,"alexsmobs:comb_jelly":1,"minecraft:silverfish":1,"minecraft:salmon":5,"minecraft:creeper":1,"minecraft:pillager":4,"alexsmobs:moose":1,"blue_skies:stardust_ram":1}},"DataVersion":3465}