{"stats":{"minecraft:custom":{"minecraft:jump":80,"minecraft:open_chest":1,"minecraft:time_since_rest":3130,"minecraft:leave_game":1,"minecraft:crouch_one_cm":48,"minecraft:damage_dealt":56,"minecraft:walk_on_water_one_cm":249,"minecraft:sprint_one_cm":8208,"minecraft:play_time":3130,"minecraft:damage_taken":40,"minecraft:time_since_death":3130,"minecraft:walk_one_cm":4339,"minecraft:sneak_time":119,"minecraft:total_world_time":3130,"minecraft:walk_under_water_one_cm":158,"minecraft:swim_one_cm":820,"minecraft:fall_one_cm":2558,"minecraft:fly_one_cm":38764},"minecraft:picked_up":{"minecraft:dirt":6},"minecraft:mined":{"minecraft:grass":4,"minecraft:grass_block":6}},"DataVersion":3120}