{"stats":{"minecraft:picked_up":{"biomesoplenty:toadstool":1,"minecraft:iron_chestplate":1,"minecraft:crafting_table":1,"illagerinvasion:platinum_chunk":2,"minecraft:salmon":4,"minecraft:dandelion":1,"biomesoplenty:fir_sapling":19,"biomesoplenty:fir_log":75,"minecraft:gunpowder":2,"minecraft:dirt":1,"minecraft:mossy_cobblestone":6,"minecraft:rotten_flesh":2,"minecraft:stone_axe":1,"minecraft:wheat_seeds":1,"alexsmobs:rainbow_jelly":2,"twigs:twig":9,"minecraft:skeleton_skull":1,"minecraft:diamond_hoe":2},"minecraft:killed_by":{"minecraft:vindicator":1,"minecraft:spider":1},"minecraft:used":{"minecraft:diamond_hoe":2,"alexsmobs:rainbow_jelly":1,"minecraft:wooden_pickaxe":8,"minecraft:rotten_flesh":2,"minecraft:stone_axe":76,"minecraft:crafting_table":1},"minecraft:mined":{"minecraft:mossy_cobblestone":6,"minecraft:ice":1,"biomesoplenty:fir_log":75,"minecraft:crafting_table":1,"biomesoplenty:fir_leaves":7,"minecraft:dirt":1,"minecraft:suspicious_gravel":1},"minecraft:crafted":{"biomesoplenty:fir_planks":12,"minecraft:crafting_table":1,"minecraft:stick":8,"minecraft:wooden_pickaxe":1,"minecraft:stone_pickaxe":1,"minecraft:stone_axe":1},"minecraft:custom":{"minecraft:time_since_rest":11008,"minecraft:interact_with_furnace":2,"minecraft:sprint_one_cm":118311,"minecraft:walk_one_cm":64729,"minecraft:damage_taken":969,"minecraft:mob_kills":9,"minecraft:drop":4,"minecraft:damage_dealt":933,"minecraft:interact_with_crafting_table":7,"minecraft:swim_one_cm":19022,"minecraft:fly_one_cm":111072,"minecraft:open_barrel":4,"minecraft:crouch_one_cm":1818,"minecraft:play_time":34049,"minecraft:deaths":3,"minecraft:sneak_time":1209,"minecraft:walk_under_water_one_cm":13247,"minecraft:jump":463,"minecraft:interact_with_blast_furnace":3,"minecraft:leave_game":3,"minecraft:time_since_death":10980,"minecraft:walk_on_water_one_cm":4570,"minecraft:total_world_time":34049,"minecraft:fall_one_cm":9373},"minecraft:dropped":{"biomesoplenty:fir_log":1,"minecraft:stone_axe":1,"illagerinvasion:platinum_chunk":1,"minecraft:diamond_hoe":1},"minecraft:killed":{"minecraft:pillager":2,"minecraft:salmon":5,"alexsmobs:comb_jelly":1,"minecraft:creeper":1}},"DataVersion":3465}