{"stats":{"minecraft:killed_by":{"minecraft:pillager":1},"minecraft:custom":{"minecraft:time_since_rest":11656,"minecraft:sprint_one_cm":114440,"minecraft:damage_taken":689,"minecraft:walk_one_cm":65649,"minecraft:mob_kills":3,"minecraft:drop":3,"minecraft:damage_dealt":718,"minecraft:interact_with_crafting_table":3,"minecraft:swim_one_cm":66830,"minecraft:fly_one_cm":63726,"minecraft:open_chest":3,"minecraft:crouch_one_cm":367,"minecraft:play_time":24421,"minecraft:deaths":2,"minecraft:sneak_time":885,"minecraft:walk_under_water_one_cm":23398,"minecraft:jump":375,"minecraft:walk_on_water_one_cm":10271,"minecraft:time_since_death":11626,"minecraft:climb_one_cm":148,"minecraft:total_world_time":24421,"minecraft:fall_one_cm":7605},"minecraft:broken":{"minecraft:wooden_axe":1},"minecraft:mined":{"minecraft:tall_seagrass":1,"minecraft:acacia_leaves":7,"biomesoplenty:orange_sand":3,"twigs:tangerine_seashell":2,"minecraft:crafting_table":1,"minecraft:acacia_log":63,"biomesoplenty:dead_log":12,"minecraft:oak_log":21,"minecraft:sand":21,"minecraft:frosted_ice":1,"biomesoplenty:orange_sandstone":4,"minecraft:bone_block":2,"minecraft:player_head":3,"minecraft:sandstone":24,"biomesoplenty:dune_grass":1,"biomesoplenty:palm_log":9},"minecraft:killed":{"alexsmobs:catfish":1,"minecraft:husk":1,"alexsmobs:hammerhead_shark":1},"minecraft:crafted":{"biomesoplenty:dead_planks":12,"minecraft:crafting_table":1,"minecraft:stick":4,"minecraft:wooden_pickaxe":1,"minecraft:wooden_axe":1},"minecraft:dropped":{"minecraft:sand":2,"alexsmobs:raw_catfish":1},"minecraft:used":{"minecraft:wooden_axe":63,"biomesoplenty:orange_sand":3,"minecraft:wooden_pickaxe":38,"minecraft:player_head":1,"minecraft:rotten_flesh":4,"minecraft:stone_axe":54,"biomesoplenty:orange_sandstone":1,"minecraft:sand":17,"minecraft:crafting_table":1,"minecraft:goat_horn":1,"delightful:acorn":3},"minecraft:picked_up":{"minecraft:crafting_table":1,"minecraft:sandstone":24,"alexsmobs:acacia_blossom":1,"minecraft:acacia_log":63,"biomesoplenty:dead_log":11,"minecraft:sand":20,"minecraft:oak_log":21,"minecraft:goat_horn":1,"alexsmobs:raw_catfish":1,"minecraft:rotten_flesh":2,"biomesoplenty:palm_log":9,"biomesoplenty:orange_sandstone":4,"delightful:acorn":3,"minecraft:player_head":4,"minecraft:oak_sapling":3,"twigs:twig":8,"biomesoplenty:orange_sand":3,"twigs:tangerine_seashell":2,"minecraft:acacia_sapling":3,"minecraft:bone_block":2}},"DataVersion":3465}