{"stats":{"minecraft:picked_up":{"biomesoplenty:toadstool":1,"illagerinvasion:platinum_chunk":2,"minecraft:rotten_flesh":2,"biomesoplenty:fir_sapling":6,"biomesoplenty:fir_log":21,"twigs:twig":3},"minecraft:killed_by":{"minecraft:vindicator":1,"minecraft:spider":1},"minecraft:mined":{"biomesoplenty:fir_leaves":6,"biomesoplenty:fir_log":21},"minecraft:used":{"minecraft:rotten_flesh":2},"minecraft:custom":{"minecraft:time_since_rest":107,"minecraft:interact_with_furnace":1,"minecraft:crouch_one_cm":1682,"minecraft:play_time":11933,"minecraft:sprint_one_cm":29290,"minecraft:walk_one_cm":19179,"minecraft:damage_taken":590,"minecraft:deaths":2,"minecraft:sneak_time":1142,"minecraft:walk_under_water_one_cm":1367,"minecraft:mob_kills":2,"minecraft:drop":1,"minecraft:jump":189,"minecraft:damage_dealt":503,"minecraft:leave_game":2,"minecraft:time_since_death":80,"minecraft:walk_on_water_one_cm":1710,"minecraft:total_world_time":11933,"minecraft:swim_one_cm":10053,"minecraft:interact_with_crafting_table":1,"minecraft:fall_one_cm":4012,"minecraft:fly_one_cm":43454},"minecraft:dropped":{"illagerinvasion:platinum_chunk":1},"minecraft:killed":{"minecraft:pillager":2}},"DataVersion":3465}