{"stats":{"minecraft:custom":{"minecraft:mob_kills":15,"minecraft:interact_with_crafting_table":8,"minecraft:open_barrel":16,"minecraft:leave_game":1,"minecraft:time_since_death":8858,"minecraft:sleep_in_bed":2,"minecraft:climb_one_cm":3087,"minecraft:time_since_rest":8914,"minecraft:sprint_one_cm":352490,"minecraft:damage_taken":7219,"minecraft:walk_one_cm":285916,"minecraft:drop":7,"minecraft:damage_dealt":3222,"minecraft:swim_one_cm":94649,"minecraft:fly_one_cm":196866,"minecraft:open_chest":50,"minecraft:crouch_one_cm":2151,"minecraft:play_time":89959,"minecraft:deaths":20,"minecraft:sneak_time":2463,"minecraft:walk_under_water_one_cm":28315,"minecraft:boat_one_cm":35019,"minecraft:jump":1193,"minecraft:walk_on_water_one_cm":13359,"minecraft:total_world_time":89959,"minecraft:fall_one_cm":52130},"minecraft:crafted":{"biomesoplenty:dead_planks":44,"minecraft:crafting_table":3,"minecraft:wooden_pickaxe":2,"minecraft:bread":1,"minecraft:stick":12,"minecraft:wooden_axe":3},"minecraft:picked_up":{"minecraft:iron_chestplate":1,"minecraft:wheat":1,"minecraft:crafting_table":2,"illagerinvasion:platinum_chunk":2,"alexsmobs:acacia_blossom":1,"biomesoplenty:dead_log":19,"minecraft:birch_planks":1,"minecraft:oak_log":21,"minecraft:golden_boots":1,"spawnersplus:spawner_fragment":1,"minecraft:iron_leggings":1,"minecraft:bone":6,"minecraft:acacia_planks":16,"supplementaries:bomb":3,"minecraft:kelp":14,"alexsmobs:emu_feather":3,"minecraft:gold_nugget":13,"delightful:acorn":3,"minecraft:cyan_wool":2,"minecraft:cyan_concrete":20,"minecraft:player_head":4,"twigs:twig":8,"minecraft:acacia_sapling":3,"minecraft:iron_sword":2,"minecraft:oak_planks":2,"minecraft:dark_oak_stairs":1,"minecraft:sandstone":24,"minecraft:stick":6,"minecraft:green_bed":2,"minecraft:acacia_log":63,"minecraft:sand":20,"minecraft:ink_sac":2,"minecraft:goat_horn":1,"minecraft:dark_oak_planks":1,"alexsmobs:raw_catfish":1,"alexsmobs:kangaroo_burger":1,"minecraft:arrow":23,"minecraft:rotten_flesh":3,"minecraft:stone_axe":2,"biomesoplenty:palm_log":9,"minecraft:pumpkin_pie":2,"biomesoplenty:orange_sandstone":4,"minecraft:bone_meal":1,"alexsmobs:emu_egg":3,"minecraft:emerald":4,"minecraft:oak_sapling":3,"minecraft:white_wool":1,"twigs:tangerine_seashell":2,"biomesoplenty:orange_sand":3,"minecraft:bone_block":2,"minecraft:ender_pearl":4},"minecraft:mined":{"minecraft:dark_oak_planks":1,"minecraft:acacia_leaves":7,"biomesoplenty:orange_sand":3,"minecraft:crafting_table":2,"delightful:pumpkin_pie":1,"minecraft:acacia_log":63,"minecraft:dead_bush":1,"biomesoplenty:orange_sandstone":4,"minecraft:oak_planks":4,"minecraft:frosted_ice":1,"biomesoplenty:dune_grass":1,"minecraft:sandstone":24,"biomesoplenty:palm_log":9,"minecraft:cyan_wool":2,"minecraft:birch_planks":1,"minecraft:tall_seagrass":1,"twigs:tangerine_seashell":2,"minecraft:grass":1,"minecraft:dark_oak_stairs":1,"minecraft:cyan_concrete":20,"biomesoplenty:dead_log":20,"minecraft:oak_log":21,"minecraft:sand":21,"minecraft:cobweb":1,"minecraft:acacia_planks":3,"minecraft:bone_block":2,"minecraft:player_head":3,"minecraft:white_wool":1,"minecraft:green_bed":2},"minecraft:killed_by":{"cataclysm:deepling":1,"minecraft:skeleton":9,"minecraft:pillager":8},"minecraft:used":{"alexsmobs:emu_egg":1,"minecraft:dark_oak_stairs":1,"minecraft:birch_planks":1,"minecraft:ender_pearl":2,"minecraft:wooden_pickaxe":38,"minecraft:iron_sword":39,"minecraft:green_bed":2,"minecraft:player_head":1,"minecraft:rotten_flesh":5,"minecraft:iron_chestplate":2,"minecraft:white_wool":1,"minecraft:sand":17,"minecraft:crafting_table":3,"supplementaries:bomb":1,"minecraft:diamond_helmet":1,"minecraft:cyan_wool":2,"minecraft:wooden_axe":90,"minecraft:dark_oak_planks":1,"minecraft:bread":12,"minecraft:iron_pickaxe":22,"minecraft:cyan_concrete":13,"biomesoplenty:orange_sand":3,"alexsmobs:kangaroo_burger":1,"minecraft:diamond_chestplate":2,"minecraft:stone_axe":70,"biomesoplenty:orange_sandstone":1,"minecraft:goat_horn":1,"minecraft:experience_bottle":2,"minecraft:acacia_planks":5,"minecraft:diamond_leggings":1,"delightful:acorn":3},"minecraft:killed":{"minecraft:husk":1,"minecraft:endermite":1,"minecraft:skeleton":5,"alexsmobs:catfish":1,"alexsmobs:hammerhead_shark":1,"minecraft:enderman":1},"minecraft:broken":{"minecraft:stone_axe":1,"minecraft:wooden_axe":1},"minecraft:dropped":{"minecraft:iron_sword":1,"minecraft:wheat":1,"alexsmobs:raw_catfish":1,"minecraft:iron_chestplate":1,"minecraft:bone_meal":1,"minecraft:sand":2}},"DataVersion":3465}