{"stats":{"minecraft:picked_up":{"biomesoplenty:fir_log":5,"twigs:twig":2,"biomesoplenty:fir_sapling":2},"minecraft:mined":{"biomesoplenty:fir_log":5},"minecraft:custom":{"minecraft:jump":9,"minecraft:time_since_rest":2060,"minecraft:crouch_one_cm":14,"minecraft:sprint_one_cm":869,"minecraft:leave_game":1,"minecraft:play_time":2060,"minecraft:time_since_death":2060,"minecraft:walk_one_cm":1223,"minecraft:sneak_time":19,"minecraft:total_world_time":2060,"minecraft:fall_one_cm":209,"minecraft:fly_one_cm":441}},"DataVersion":3465}