{"stats":{"minecraft:picked_up":{"minecraft:enchanting_table":1,"minecraft:crafting_table":1,"minecraft:iron_chestplate":1,"illagerinvasion:platinum_chunk":2,"minecraft:salmon":4,"blue_skies:brewberry":14,"minecraft:packed_ice":2,"biomesoplenty:fir_sapling":25,"biomesoplenty:fir_log":75,"minecraft:gunpowder":2,"minecraft:dirt":11,"minecraft:red_carpet":3,"minecraft:stone_bricks":1,"minecraft:wheat_seeds":1,"alexsmobs:cooked_moose_ribs":1,"minecraft:mossy_stone_bricks":1,"delightful:green_tea_leaf":1,"twigs:twig":9,"minecraft:diamond_hoe":2,"minecraft:book":21,"biomesoplenty:toadstool":1,"minecraft:stick":4,"minecraft:dandelion":1,"blue_skies:bluebright_log":3,"minecraft:diorite":6,"minecraft:spider_eye":1,"minecraft:mossy_cobblestone":6,"blue_skies:pine_fruit_seeds":1,"minecraft:yellow_carpet":1,"minecraft:rotten_flesh":2,"minecraft:stone_axe":2,"minecraft:soul_lantern":1,"minecraft:diamond_boots":1,"alexsmobs:rainbow_jelly":2,"alexsmobs:moose_ribs":3,"minecraft:emerald":2,"blue_skies:bluebright_stick":2,"minecraft:mutton":2,"minecraft:skeleton_skull":1,"minecraft:white_wool":1},"minecraft:killed_by":{"minecraft:vindicator":1,"minecraft:spider":1,"alexsmobs:moose":1,"minecraft:vex":1},"minecraft:crafted":{"blue_skies:bluebright_planks":12,"blue_skies:bluebright_pickaxe":1,"minecraft:crafting_table":1,"minecraft:wooden_pickaxe":1,"minecraft:stone_axe":3,"biomesoplenty:fir_planks":36,"minecraft:shield":1,"minecraft:stick":50,"minecraft:stone_pickaxe":1},"minecraft:used":{"minecraft:stone_pickaxe":15,"minecraft:diamond_hoe":3,"minecraft:shield":1,"minecraft:wooden_pickaxe":10,"minecraft:rotten_flesh":2,"minecraft:dirt":11,"minecraft:crafting_table":2,"blue_skies:brewberry":3,"minecraft:bread":6,"alexsmobs:rainbow_jelly":2,"blue_skies:bluebright_pickaxe":10,"minecraft:stone_axe":122,"alexsmobs:cooked_moose_ribs":1,"minecraft:sweet_berries":19},"minecraft:mined":{"minecraft:podzol":1,"minecraft:red_carpet":1,"blue_skies:turquoise_stone":5,"minecraft:mossy_cobblestone":6,"blue_skies:turquoise_grass":1,"minecraft:infested_stone_bricks":1,"blue_skies:bluebright_leaves":1,"minecraft:crafting_table":1,"minecraft:grass_block":6,"minecraft:yellow_carpet":1,"minecraft:diorite":8,"blue_skies:turquoise_grass_block":1,"minecraft:sweet_berry_bush":1,"minecraft:ice":1,"minecraft:enchanting_table":1,"biomesoplenty:fir_log":75,"minecraft:bookshelf":7,"minecraft:grass":1,"biomesoplenty:fir_leaves":84,"blue_skies:bluebright_log":3,"blue_skies:turquoise_dirt":3,"minecraft:dirt":5,"minecraft:stone_bricks":1,"minecraft:mossy_stone_bricks":1,"minecraft:suspicious_gravel":1},"minecraft:custom":{"minecraft:interact_with_smithing_table":1,"minecraft:interact_with_furnace":6,"minecraft:mob_kills":17,"minecraft:interact_with_crafting_table":12,"minecraft:open_barrel":4,"minecraft:leave_game":3,"minecraft:time_since_death":15742,"minecraft:climb_one_cm":6004,"minecraft:time_since_rest":15769,"minecraft:sprint_one_cm":188665,"minecraft:damage_taken":1878,"minecraft:walk_one_cm":139889,"minecraft:drop":11,"minecraft:damage_dealt":3207,"minecraft:swim_one_cm":19022,"minecraft:talked_to_villager":2,"minecraft:fly_one_cm":198513,"minecraft:open_chest":18,"minecraft:crouch_one_cm":10598,"minecraft:play_time":70049,"minecraft:deaths":5,"minecraft:sneak_time":3433,"minecraft:walk_under_water_one_cm":13247,"minecraft:jump":827,"minecraft:interact_with_brewingstand":1,"minecraft:interact_with_blast_furnace":4,"minecraft:walk_on_water_one_cm":4570,"minecraft:total_world_time":70049,"minecraft:fall_one_cm":16898},"minecraft:dropped":{"biomesoplenty:fir_log":1,"minecraft:bread":1,"minecraft:stone_axe":2,"minecraft:diamond_hoe":1,"illagerinvasion:platinum_chunk":1,"minecraft:packed_ice":2,"minecraft:stone_bricks":1,"minecraft:diamond_boots":1,"minecraft:wooden_pickaxe":1,"minecraft:white_wool":1},"minecraft:killed":{"minecraft:witch":1,"minecraft:salmon":5,"minecraft:spider":1,"minecraft:creeper":1,"minecraft:pillager":4,"alexsmobs:comb_jelly":1,"alexsmobs:moose":1,"minecraft:silverfish":1,"blue_skies:stardust_ram":1,"blue_skies:armored_frost_spirit":1}},"DataVersion":3465}