{"stats":{"minecraft:picked_up":{"biomesoplenty:toadstool":1,"minecraft:iron_chestplate":1,"minecraft:crafting_table":1,"illagerinvasion:platinum_chunk":2,"biomesoplenty:fir_sapling":19,"biomesoplenty:fir_log":74,"minecraft:gunpowder":2,"minecraft:mossy_cobblestone":6,"minecraft:rotten_flesh":2,"minecraft:wheat_seeds":1,"twigs:twig":9,"minecraft:skeleton_skull":1,"minecraft:diamond_hoe":2},"minecraft:killed_by":{"minecraft:vindicator":1,"minecraft:spider":1},"minecraft:used":{"minecraft:wooden_pickaxe":8,"minecraft:rotten_flesh":2,"minecraft:stone_axe":67,"minecraft:crafting_table":1},"minecraft:mined":{"minecraft:mossy_cobblestone":6,"biomesoplenty:fir_log":75,"minecraft:crafting_table":1,"biomesoplenty:fir_leaves":7},"minecraft:crafted":{"biomesoplenty:fir_planks":12,"minecraft:crafting_table":1,"minecraft:stick":8,"minecraft:wooden_pickaxe":1,"minecraft:stone_pickaxe":1,"minecraft:stone_axe":1},"minecraft:custom":{"minecraft:time_since_rest":10223,"minecraft:interact_with_furnace":1,"minecraft:sprint_one_cm":75302,"minecraft:walk_one_cm":42430,"minecraft:damage_taken":665,"minecraft:mob_kills":3,"minecraft:drop":2,"minecraft:damage_dealt":703,"minecraft:interact_with_crafting_table":4,"minecraft:swim_one_cm":10053,"minecraft:fly_one_cm":74366,"minecraft:crouch_one_cm":1775,"minecraft:play_time":22049,"minecraft:deaths":2,"minecraft:sneak_time":1142,"minecraft:walk_under_water_one_cm":1367,"minecraft:jump":326,"minecraft:leave_game":3,"minecraft:time_since_death":10196,"minecraft:walk_on_water_one_cm":1710,"minecraft:total_world_time":22049,"minecraft:fall_one_cm":6996},"minecraft:dropped":{"illagerinvasion:platinum_chunk":1,"minecraft:diamond_hoe":1},"minecraft:killed":{"minecraft:pillager":2,"minecraft:creeper":1}},"DataVersion":3465}