{"stats":{"minecraft:killed_by":{"cataclysm:deepling":1,"minecraft:skeleton":1,"minecraft:pillager":1},"minecraft:custom":{"minecraft:time_since_rest":1416,"minecraft:sprint_one_cm":151553,"minecraft:damage_taken":1182,"minecraft:walk_one_cm":146666,"minecraft:mob_kills":3,"minecraft:drop":3,"minecraft:damage_dealt":757,"minecraft:interact_with_crafting_table":5,"minecraft:swim_one_cm":94649,"minecraft:fly_one_cm":79307,"minecraft:open_chest":5,"minecraft:crouch_one_cm":367,"minecraft:play_time":36421,"minecraft:deaths":4,"minecraft:sneak_time":885,"minecraft:walk_under_water_one_cm":27226,"minecraft:boat_one_cm":35019,"minecraft:jump":546,"minecraft:walk_on_water_one_cm":12601,"minecraft:time_since_death":1356,"minecraft:climb_one_cm":148,"minecraft:total_world_time":36421,"minecraft:fall_one_cm":10295},"minecraft:broken":{"minecraft:wooden_axe":1},"minecraft:mined":{"minecraft:tall_seagrass":1,"minecraft:acacia_leaves":7,"biomesoplenty:orange_sand":3,"twigs:tangerine_seashell":2,"minecraft:crafting_table":2,"minecraft:acacia_log":63,"biomesoplenty:dead_log":20,"minecraft:oak_log":21,"minecraft:sand":21,"minecraft:frosted_ice":1,"biomesoplenty:orange_sandstone":4,"minecraft:bone_block":2,"minecraft:player_head":3,"minecraft:sandstone":24,"biomesoplenty:dune_grass":1,"biomesoplenty:palm_log":9},"minecraft:killed":{"alexsmobs:catfish":1,"minecraft:husk":1,"alexsmobs:hammerhead_shark":1},"minecraft:crafted":{"biomesoplenty:dead_planks":44,"minecraft:crafting_table":2,"minecraft:stick":8,"minecraft:wooden_pickaxe":2,"minecraft:wooden_axe":2},"minecraft:dropped":{"minecraft:sand":2,"alexsmobs:raw_catfish":1},"minecraft:used":{"minecraft:wooden_axe":69,"biomesoplenty:orange_sand":3,"minecraft:wooden_pickaxe":38,"alexsmobs:kangaroo_burger":1,"minecraft:player_head":1,"minecraft:rotten_flesh":4,"minecraft:stone_axe":55,"biomesoplenty:orange_sandstone":1,"minecraft:sand":17,"minecraft:crafting_table":2,"minecraft:goat_horn":1,"delightful:acorn":3},"minecraft:picked_up":{"minecraft:crafting_table":2,"minecraft:sandstone":24,"alexsmobs:acacia_blossom":1,"minecraft:acacia_log":63,"biomesoplenty:dead_log":19,"minecraft:sand":20,"minecraft:oak_log":21,"minecraft:ink_sac":2,"minecraft:goat_horn":1,"alexsmobs:raw_catfish":1,"alexsmobs:kangaroo_burger":1,"minecraft:rotten_flesh":2,"minecraft:kelp":14,"biomesoplenty:palm_log":9,"biomesoplenty:orange_sandstone":4,"delightful:acorn":3,"minecraft:player_head":4,"minecraft:oak_sapling":3,"twigs:twig":8,"biomesoplenty:orange_sand":3,"twigs:tangerine_seashell":2,"minecraft:acacia_sapling":3,"minecraft:bone_block":2}},"DataVersion":3465}