{"stats":{"minecraft:killed_by":{"cataclysm:deepling":1,"minecraft:skeleton":7,"minecraft:pillager":7},"minecraft:custom":{"minecraft:mob_kills":6,"minecraft:interact_with_crafting_table":8,"minecraft:open_barrel":14,"minecraft:time_since_death":1959,"minecraft:sleep_in_bed":2,"minecraft:climb_one_cm":2906,"minecraft:time_since_rest":1985,"minecraft:sprint_one_cm":263209,"minecraft:damage_taken":4912,"minecraft:walk_one_cm":222080,"minecraft:drop":3,"minecraft:damage_dealt":1389,"minecraft:swim_one_cm":94649,"minecraft:fly_one_cm":137560,"minecraft:open_chest":10,"minecraft:crouch_one_cm":367,"minecraft:play_time":60421,"minecraft:deaths":16,"minecraft:sneak_time":1134,"minecraft:walk_under_water_one_cm":27226,"minecraft:boat_one_cm":35019,"minecraft:jump":900,"minecraft:walk_on_water_one_cm":12601,"minecraft:total_world_time":60421,"minecraft:fall_one_cm":27666},"minecraft:broken":{"minecraft:stone_axe":1,"minecraft:wooden_axe":1},"minecraft:mined":{"minecraft:acacia_leaves":7,"biomesoplenty:orange_sand":3,"minecraft:crafting_table":2,"minecraft:acacia_log":63,"minecraft:dead_bush":1,"biomesoplenty:orange_sandstone":4,"minecraft:frosted_ice":1,"minecraft:sandstone":24,"biomesoplenty:dune_grass":1,"biomesoplenty:palm_log":9,"minecraft:tall_seagrass":1,"twigs:tangerine_seashell":2,"biomesoplenty:dead_log":20,"minecraft:oak_log":21,"minecraft:sand":21,"minecraft:acacia_planks":3,"minecraft:bone_block":2,"minecraft:player_head":3,"minecraft:white_wool":1,"minecraft:green_bed":2},"minecraft:killed":{"minecraft:husk":1,"minecraft:skeleton":1,"alexsmobs:catfish":1,"alexsmobs:hammerhead_shark":1},"minecraft:crafted":{"biomesoplenty:dead_planks":44,"minecraft:crafting_table":3,"minecraft:wooden_pickaxe":2,"minecraft:bread":1,"minecraft:stick":12,"minecraft:wooden_axe":3},"minecraft:dropped":{"alexsmobs:raw_catfish":1,"minecraft:sand":2},"minecraft:picked_up":{"minecraft:crafting_table":2,"alexsmobs:acacia_blossom":1,"biomesoplenty:dead_log":19,"minecraft:oak_log":21,"minecraft:golden_boots":1,"minecraft:iron_leggings":1,"minecraft:bone":4,"minecraft:acacia_planks":16,"minecraft:kelp":14,"alexsmobs:emu_feather":3,"minecraft:gold_nugget":13,"delightful:acorn":3,"minecraft:player_head":4,"minecraft:iron_sword":1,"twigs:twig":8,"minecraft:acacia_sapling":3,"minecraft:stick":6,"minecraft:sandstone":24,"minecraft:acacia_log":63,"minecraft:green_bed":2,"minecraft:sand":20,"minecraft:ink_sac":2,"minecraft:goat_horn":1,"minecraft:arrow":12,"alexsmobs:raw_catfish":1,"alexsmobs:kangaroo_burger":1,"minecraft:rotten_flesh":3,"minecraft:stone_axe":1,"biomesoplenty:palm_log":9,"biomesoplenty:orange_sandstone":4,"minecraft:bone_meal":1,"alexsmobs:emu_egg":3,"minecraft:emerald":1,"minecraft:oak_sapling":3,"minecraft:white_wool":1,"minecraft:bone_block":2,"twigs:tangerine_seashell":2,"biomesoplenty:orange_sand":3},"minecraft:used":{"alexsmobs:emu_egg":1,"minecraft:wooden_pickaxe":38,"minecraft:iron_sword":12,"minecraft:green_bed":2,"minecraft:player_head":1,"minecraft:rotten_flesh":5,"minecraft:white_wool":1,"minecraft:sand":17,"minecraft:crafting_table":3,"minecraft:wooden_axe":77,"minecraft:bread":1,"biomesoplenty:orange_sand":3,"alexsmobs:kangaroo_burger":1,"minecraft:stone_axe":56,"biomesoplenty:orange_sandstone":1,"minecraft:goat_horn":1,"minecraft:acacia_planks":3,"delightful:acorn":3}},"DataVersion":3465}