{"stats":{"minecraft:custom":{"minecraft:jump":114,"minecraft:open_chest":1,"minecraft:time_since_rest":4525,"minecraft:leave_game":1,"minecraft:crouch_one_cm":50,"minecraft:damage_taken":60,"minecraft:sprint_one_cm":14297,"minecraft:play_time":4525,"minecraft:time_since_death":4525,"minecraft:walk_one_cm":9299,"minecraft:sneak_time":4,"minecraft:total_world_time":4525,"minecraft:fall_one_cm":3190,"minecraft:fly_one_cm":19223},"minecraft:mined":{"minecraft:player_head":1,"minecraft:dead_bush":2},"minecraft:picked_up":{"minecraft:player_head":1}},"DataVersion":3465}