{"stats":{"minecraft:killed_by":{"minecraft:pillager":1},"minecraft:custom":{"minecraft:open_barrel":6,"minecraft:time_since_rest":3315,"minecraft:open_chest":4,"minecraft:crouch_one_cm":365,"minecraft:play_time":12381,"minecraft:sprint_one_cm":35305,"minecraft:interact_with_loom":1,"minecraft:deaths":1,"minecraft:damage_taken":242,"minecraft:walk_one_cm":27521,"minecraft:sneak_time":283,"minecraft:mob_kills":1,"minecraft:jump":321,"minecraft:damage_dealt":80,"minecraft:leave_game":3,"minecraft:time_since_death":3290,"minecraft:climb_one_cm":3614,"minecraft:total_world_time":12381,"minecraft:interact_with_crafting_table":1,"minecraft:fall_one_cm":7403,"minecraft:fly_one_cm":60542},"minecraft:mined":{"minecraft:acacia_log":6,"minecraft:dead_bush":15,"minecraft:player_head":1},"minecraft:killed":{"alexsmobs:rattlesnake":1},"minecraft:crafted":{"minecraft:acacia_planks":24,"minecraft:wooden_pickaxe":1,"minecraft:wooden_axe":1},"minecraft:picked_up":{"minecraft:stick":12,"minecraft:bone":3,"minecraft:acacia_log":6,"minecraft:player_head":1}},"DataVersion":3465}