{
  "minecraft:recipes/decorations/ladder": {
    "criteria": {
      "has_stick": "2024-07-12 01:27:51 +0000"
    },
    "done": true
  },
  "betterend:recipes/decorations/lacugrove_bar_stool": {
    "criteria": {
      "has_stick": "2024-07-12 01:27:51 +0000"
    },
    "done": true
  },
  "farmersdelight:recipes/food/grilled_salmon": {
    "criteria": {
      "has_salmon": "2024-07-12 01:43:11 +0000"
    },
    "done": true
  },
  "biomesoplenty:recipes/building_blocks/cut_orange_sandstone_slab_from_orange_sandstone_stonecutting": {
    "criteria": {
      "has_orange_sandstone": "2024-07-12 01:37:22 +0000"
    },
    "done": true
  },
  "shieldexp:recipes/wooden_shield": {
    "criteria": {
      "has_stick": "2024-07-12 01:27:51 +0000"
    },
    "done": true
  },
  "deeperdarker:recipes/transportation/echo_boat": {
    "criteria": {
      "in_water": "2024-07-12 01:24:14 +0000"
    },
    "done": true
  },
  "farmersdelight:recipes/cooking/bisque": {
    "criteria": {
      "has_any_ingredient": "2024-07-12 01:43:05 +0000"
    },
    "done": true
  },
  "betterend:recipes/decorations/lucernia_chair": {
    "criteria": {
      "has_stick": "2024-07-12 01:27:51 +0000"
    },
    "done": true
  },
  "biomesoplenty:recipes/redstone/dead_button": {
    "criteria": {
      "has_planks": "2024-07-12 01:27:38 +0000"
    },
    "done": true
  },
  "betterend:recipes/decorations/lacugrove_taburet": {
    "criteria": {
      "has_stick": "2024-07-12 01:27:51 +0000"
    },
    "done": true
  },
  "betterend:recipes/decorations/helix_tree_sign": {
    "criteria": {
      "has_stick": "2024-07-12 01:27:51 +0000"
    },
    "done": true
  },
  "betterend:recipes/decorations/jellyshroom_chair": {
    "criteria": {
      "has_stick": "2024-07-12 01:27:51 +0000"
    },
    "done": true
  },
  "betterend:recipes/decorations/end_lotus_ladder": {
    "criteria": {
      "has_stick": "2024-07-12 01:27:51 +0000"
    },
    "done": true
  },
  "everycomp:recipes/decorations/q/biomesoplenty/dead_post": {
    "criteria": {
      "has_planks": "2024-07-12 01:27:38 +0000"
    },
    "done": true
  },
  "everycomp:recipes/decorations/tw/biomesoplenty/dead_table": {
    "criteria": {
      "has_planks": "2024-07-12 01:27:38 +0000"
    },
    "done": true
  },
  "biomesoplenty:recipes/transportation/willow_boat": {
    "criteria": {
      "in_water": "2024-07-12 01:24:14 +0000"
    },
    "done": true
  },
  "everycomp:recipes/decorations/hnhome/biomesoplenty/dead_sanded_wood": {
    "criteria": {
      "has_planks": "2024-07-12 01:27:38 +0000"
    },
    "done": true
  },
  "aether:recipes/transportation/skyroot_boat": {
    "criteria": {
      "in_water": "2024-07-12 01:24:13 +0000"
    },
    "done": true
  },
  "supplementaries:recipes/flags/flag_magenta": {
    "criteria": {
      "has_stick": "2024-07-12 01:27:51 +0000"
    },
    "done": true
  },
  "biomesoplenty:recipes/building_blocks/orange_sandstone_slab": {
    "criteria": {
      "has_sandstone": "2024-07-12 01:37:22 +0000"
    },
    "done": true
  },
  "backpacked:recipes/decorations/cherry_backpack_shelf": {
    "criteria": {
      "has_stick": "2024-07-12 01:27:51 +0000"
    },
    "done": true
  },
  "betterend:recipes/decorations/tenanea_taburet": {
    "criteria": {
      "has_stick": "2024-07-12 01:27:51 +0000"
    },
    "done": true
  },
  "minecraft:recipes/decorations/sandstone_wall_from_sandstone_stonecutting": {
    "criteria": {
      "has_sandstone": "2024-07-12 01:29:31 +0000"
    },
    "done": true
  },
  "minecraft:recipes/tools/wooden_axe": {
    "criteria": {
      "has_stick": "2024-07-12 01:27:51 +0000"
    },
    "done": true
  },
  "everycomp:recipes/decorations/af/biomesoplenty/dead_shelf": {
    "criteria": {
      "has_planks": "2024-07-12 01:27:38 +0000"
    },
    "done": true
  },
  "biomesoplenty:recipes/building_blocks/smooth_orange_sandstone": {
    "criteria": {
      "has_sandstone": "2024-07-12 01:37:22 +0000"
    },
    "done": true
  },
  "backpacked:recipes/decorations/oak_backpack_shelf": {
    "criteria": {
      "has_stick": "2024-07-12 01:27:51 +0000"
    },
    "done": true
  },
  "minecraft:recipes/building_blocks/cut_sandstone": {
    "criteria": {
      "has_sandstone": "2024-07-12 01:29:32 +0000"
    },
    "done": true
  },
  "betterend:recipes/decorations/pythadendron_fence": {
    "criteria": {
      "has_stick": "2024-07-12 01:27:51 +0000"
    },
    "done": true
  },
  "minecraft:recipes/decorations/crafting_table": {
    "criteria": {
      "unlock_right_away": "2024-07-12 01:23:22 +0000"
    },
    "done": true
  },
  "minecraft:recipes/decorations/chest": {
    "criteria": {
      "has_lots_of_items": "2024-07-12 01:29:09 +0000"
    },
    "done": true
  },
  "minecraft:recipes/misc/stick": {
    "criteria": {
      "has_planks": "2024-07-12 01:27:38 +0000"
    },
    "done": true
  },
  "farmersdelight:recipes/cooking/cooked_clawster": {
    "criteria": {
      "has_any_ingredient": "2024-07-12 01:43:12 +0000"
    },
    "done": true
  },
  "stoneworks:recipes/building_blocks/sandstone_shingles_from_sandstone_stonecutting": {
    "criteria": {
      "has_sandstone": "2024-07-12 01:29:31 +0000"
    },
    "done": true
  },
  "minecraft:recipes/transportation/cherry_boat": {
    "criteria": {
      "in_water": "2024-07-12 01:24:13 +0000"
    },
    "done": true
  },
  "betterend:recipes/decorations/lacugrove_chair": {
    "criteria": {
      "has_stick": "2024-07-12 01:27:51 +0000"
    },
    "done": true
  },
  "handcrafted:recipes/misc/sandstone_corner_trim": {
    "criteria": {
      "has_sandstone_corner_trim": "2024-07-12 01:29:32 +0000"
    },
    "done": true
  },
  "adorabuild_structures:overworld_structures": {
    "criteria": {
      "always": "2024-07-12 01:23:22 +0000"
    },
    "done": true
  },
  "delightful:recipes/campfire/roasted_acorn": {
    "criteria": {
      "roasted_acorn": "2024-07-12 01:31:39 +0000"
    },
    "done": true
  },
  "farmersdelight:recipes/cooking/crab_cakes": {
    "criteria": {
      "has_any_ingredient": "2024-07-12 01:43:05 +0000"
    },
    "done": true
  },
  "stoneworks:recipes/building_blocks/sandstone_shingle_stairs_from_sandstone_stonecutting": {
    "criteria": {
      "has_sandstone": "2024-07-12 01:29:32 +0000"
    },
    "done": true
  },
  "farmersdelight:recipes/cooking/baked_cod_stew": {
    "criteria": {
      "has_any_ingredient": "2024-07-12 01:43:12 +0000"
    },
    "done": true
  },
  "minecraft:recipes/misc/bone_meal_from_bone_block": {
    "criteria": {
      "has_bone_block": "2024-07-12 01:31:06 +0000"
    },
    "done": true
  },
  "biomesoplenty:recipes/transportation/dead_boat": {
    "criteria": {
      "in_water": "2024-07-12 01:24:14 +0000"
    },
    "done": true
  },
  "biomesoplenty:recipes/transportation/magic_boat": {
    "criteria": {
      "in_water": "2024-07-12 01:24:13 +0000"
    },
    "done": true
  },
  "aether:recipes/combat/bow_repairing": {
    "criteria": {
      "has_bow": "2024-07-12 01:43:07 +0000"
    },
    "done": true
  },
  "betterend:recipes/decorations/umbrella_tree_fence": {
    "criteria": {
      "has_stick": "2024-07-12 01:27:51 +0000"
    },
    "done": true
  },
  "biomesoplenty:recipes/building_blocks/palm_planks": {
    "criteria": {
      "has_logs": "2024-07-12 01:36:21 +0000"
    },
    "done": true
  },
  "stoneworks:recipes/building_blocks/sandstone_tiles_from_sandstone_stonecutting": {
    "criteria": {
      "has_sandstone": "2024-07-12 01:29:32 +0000"
    },
    "done": true
  },
  "supplementaries:recipes/daub_cross_brace": {
    "criteria": {
      "forge:rods/wooden": "2024-07-12 01:27:51 +0000"
    },
    "done": true
  },
  "betterend:recipes/decorations/jellyshroom_sign": {
    "criteria": {
      "has_stick": "2024-07-12 01:27:51 +0000"
    },
    "done": true
  },
  "another_furniture:recipes/acacia_drawer": {
    "criteria": {
      "has_planks": "2024-07-12 01:27:51 +0000"
    },
    "done": true
  },
  "betterend:recipes/redstone/tenanea_gate": {
    "criteria": {
      "has_stick": "2024-07-12 01:27:51 +0000"
    },
    "done": true
  },
  "everycomp:recipes/decorations/fd/biomesoplenty/dead_cabinet": {
    "criteria": {
      "has_planks": "2024-07-12 01:27:38 +0000"
    },
    "done": true
  },
  "betterend:recipes/decorations/dragon_tree_taburet": {
    "criteria": {
      "has_stick": "2024-07-12 01:27:51 +0000"
    },
    "done": true
  },
  "everycomp:recipes/decorations/tf/biomesoplenty/dead_banister": {
    "criteria": {
      "has_planks": "2024-07-12 01:27:38 +0000"
    },
    "done": true
  },
  "handcrafted:recipes/misc/bear_trophy": {
    "criteria": {
      "has_bear_trophy": "2024-07-12 01:27:38 +0000"
    },
    "done": true
  },
  "minecraft:recipes/building_blocks/lime_concrete_powder": {
    "criteria": {
      "has_sand": "2024-07-12 01:25:51 +0000"
    },
    "done": true
  },
  "stoneworks:recipes/building_blocks/cobbled_sandstone_slab_from_sandstone_stonecutting": {
    "criteria": {
      "has_sandstone": "2024-07-12 01:29:32 +0000"
    },
    "done": true
  },
  "suppsquared:recipes/decorations/biomesoplenty/item_shelf_dead": {
    "criteria": {
      "has_planks": "2024-07-12 01:27:38 +0000"
    },
    "done": true
  },
  "stoneworks:recipes/building_blocks/cracked_sandstone_bricks_from_sandstone_stonecutting": {
    "criteria": {
      "has_sandstone": "2024-07-12 01:29:32 +0000"
    },
    "done": true
  },
  "betterend:recipes/decorations/helix_tree_fence": {
    "criteria": {
      "has_stick": "2024-07-12 01:27:51 +0000"
    },
    "done": true
  },
  "betterend:root": {
    "criteria": {
      "welcome": "2024-07-12 01:23:23 +0000"
    },
    "done": true
  },
  "betterend:recipes/redstone/pythadendron_gate": {
    "criteria": {
      "has_stick": "2024-07-12 01:27:51 +0000"
    },
    "done": true
  },
  "decorative_blocks:recipes/building_blocks/lattice": {
    "criteria": {
      "has_stick": "2024-07-12 01:27:51 +0000"
    },
    "done": true
  },
  "betterend:recipes/decorations/helix_tree_ladder": {
    "criteria": {
      "has_stick": "2024-07-12 01:27:51 +0000"
    },
    "done": true
  },
  "betterend:recipes/decorations/lacugrove_sign": {
    "criteria": {
      "has_stick": "2024-07-12 01:27:51 +0000"
    },
    "done": true
  },
  "betterend:recipes/decorations/umbrella_tree_ladder": {
    "criteria": {
      "has_stick": "2024-07-12 01:27:51 +0000"
    },
    "done": true
  },
  "crabbersdelight:main/root": {
    "criteria": {
      "seeds": "2024-07-12 01:24:08 +0000"
    },
    "done": true
  },
  "minecraft:recipes/building_blocks/magenta_concrete_powder": {
    "criteria": {
      "has_sand": "2024-07-12 01:25:51 +0000"
    },
    "done": true
  },
  "minecraft:recipes/building_blocks/cut_sandstone_from_sandstone_stonecutting": {
    "criteria": {
      "has_sandstone": "2024-07-12 01:29:31 +0000"
    },
    "done": true
  },
  "minecraft:recipes/decorations/campfire": {
    "criteria": {
      "has_stick": "2024-07-12 01:27:51 +0000"
    },
    "done": true
  },
  "minecraft:recipes/building_blocks/chiseled_sandstone_from_sandstone_stonecutting": {
    "criteria": {
      "has_sandstone": "2024-07-12 01:29:32 +0000"
    },
    "done": true
  },
  "minecraft:recipes/food/cooked_salmon_from_campfire_cooking": {
    "criteria": {
      "has_salmon": "2024-07-12 01:43:11 +0000"
    },
    "done": true
  },
  "supplementaries:recipes/timber_brace": {
    "criteria": {
      "forge:rods/wooden": "2024-07-12 01:27:51 +0000"
    },
    "done": true
  },
  "betterend:recipes/decorations/end_lotus_taburet": {
    "criteria": {
      "has_stick": "2024-07-12 01:27:51 +0000"
    },
    "done": true
  },
  "biomesoplenty:biomesoplenty/root": {
    "criteria": {
      "wasteland": "2024-07-12 01:27:43 +0000"
    },
    "done": true
  },
  "minecraft:recipes/building_blocks/sandstone_slab_from_sandstone_stonecutting": {
    "criteria": {
      "has_sandstone": "2024-07-12 01:29:32 +0000"
    },
    "done": true
  },
  "stoneworks:recipes/building_blocks/sandstone_brick_stairs_from_sandstone_stonecutting": {
    "criteria": {
      "has_sandstone": "2024-07-12 01:29:32 +0000"
    },
    "done": true
  },
  "handcrafted:recipes/misc/goat_trophy": {
    "criteria": {
      "has_goat_trophy": "2024-07-12 01:27:38 +0000"
    },
    "done": true
  },
  "supplementaries:recipes/turn_table": {
    "criteria": {
      "minecraft:planks": "2024-07-12 01:27:38 +0000"
    },
    "done": true
  },
  "another_furniture:recipes/cherry_drawer": {
    "criteria": {
      "has_planks": "2024-07-12 01:27:51 +0000"
    },
    "done": true
  },
  "minecraft:recipes/redstone/dispenser": {
    "criteria": {
      "has_bow": "2024-07-12 01:43:07 +0000"
    },
    "done": true
  },
  "naturescompass:natures_compass_sapling": {
    "criteria": {
      "has_recipe": "2024-07-12 01:27:32 +0000"
    },
    "done": true
  },
  "betterend:recipes/decorations/dragon_tree_bar_stool": {
    "criteria": {
      "has_stick": "2024-07-12 01:27:51 +0000"
    },
    "done": true
  },
  "minecraft:recipes/transportation/acacia_boat": {
    "criteria": {
      "in_water": "2024-07-12 01:24:14 +0000"
    },
    "done": true
  },
  "backpacked:recipes/decorations/crimson_backpack_shelf": {
    "criteria": {
      "has_stick": "2024-07-12 01:27:51 +0000"
    },
    "done": true
  },
  "biomesoplenty:recipes/redstone/dead_fence_gate": {
    "criteria": {
      "has_planks": "2024-07-12 01:27:38 +0000"
    },
    "done": true
  },
  "supplementaries:recipes/flags/flag_black": {
    "criteria": {
      "has_stick": "2024-07-12 01:27:51 +0000"
    },
    "done": true
  },
  "minecraft:recipes/building_blocks/acacia_wood": {
    "criteria": {
      "has_log": "2024-07-12 01:32:58 +0000"
    },
    "done": true
  },
  "minecraft:recipes/combat/wooden_sword": {
    "criteria": {
      "has_stick": "2024-07-12 01:27:51 +0000"
    },
    "done": true
  },
  "minecraft:recipes/building_blocks/oak_planks": {
    "criteria": {
      "has_logs": "2024-07-12 01:31:39 +0000"
    },
    "done": true
  },
  "minecraft:recipes/building_blocks/black_concrete_powder": {
    "criteria": {
      "has_sand": "2024-07-12 01:25:51 +0000"
    },
    "done": true
  },
  "betterdungeons:root": {
    "criteria": {
      "always": "2024-07-12 01:23:22 +0000"
    },
    "done": true
  },
  "everycomp:recipes/decorations/hnhome/biomesoplenty/dead_vertical_trim": {
    "criteria": {
      "has_planks": "2024-07-12 01:27:38 +0000"
    },
    "done": true
  },
  "supplementaries:recipes/flags/flag_green": {
    "criteria": {
      "has_stick": "2024-07-12 01:27:51 +0000"
    },
    "done": true
  },
  "supplementaries:recipes/decorations/biomesoplenty/sign_post_dead": {
    "criteria": {
      "has_planks": "2024-07-12 01:27:38 +0000"
    },
    "done": true
  },
  "everycomp:recipes/decorations/tf/biomesoplenty/hollow_dead_log": {
    "criteria": {
      "has_planks": "2024-07-12 01:27:38 +0000"
    },
    "done": true
  },
  "stoneworks:recipes/building_blocks/sandstone_plate_wall_from_sandstone_stonecutting": {
    "criteria": {
      "has_sandstone": "2024-07-12 01:29:32 +0000"
    },
    "done": true
  },
  "farmersdelight:recipes/food/pie_crust": {
    "criteria": {
      "has_wheat": "2024-07-12 01:29:08 +0000"
    },
    "done": true
  },
  "hearth_and_home:recipes/thatch": {
    "criteria": {
      "has_item": "2024-07-12 01:29:08 +0000"
    },
    "done": true
  },
  "crabbersdelight:recipes/building_blocks/cod_barrel": {
    "criteria": {
      "has_cod": "2024-07-12 01:43:12 +0000"
    },
    "done": true
  },
  "supplementaries:recipes/flags/flag_purple": {
    "criteria": {
      "has_stick": "2024-07-12 01:27:51 +0000"
    },
    "done": true
  },
  "minecraft:recipes/building_blocks/cyan_concrete_powder": {
    "criteria": {
      "has_sand": "2024-07-12 01:25:51 +0000"
    },
    "done": true
  },
  "delightful:recipes/smelting/roasted_acorn": {
    "criteria": {
      "roasted_acorn": "2024-07-12 01:31:39 +0000"
    },
    "done": true
  },
  "betterend:recipes/decorations/tenanea_sign": {
    "criteria": {
      "has_stick": "2024-07-12 01:27:51 +0000"
    },
    "done": true
  },
  "handcrafted:recipes/misc/blaze_trophy": {
    "criteria": {
      "has_blaze_trophy": "2024-07-12 01:27:38 +0000"
    },
    "done": true
  },
  "supplementaries:recipes/flags/flag_white": {
    "criteria": {
      "has_stick": "2024-07-12 01:27:51 +0000"
    },
    "done": true
  },
  "betterend:recipes/redstone/mossy_glowshroom_gate": {
    "criteria": {
      "has_stick": "2024-07-12 01:27:51 +0000"
    },
    "done": true
  },
  "minecraft:recipes/transportation/jungle_boat": {
    "criteria": {
      "in_water": "2024-07-12 01:24:13 +0000"
    },
    "done": true
  },
  "betterend:recipes/misc/infusion_pedestal": {
    "criteria": {
      "has_obsidian": "2024-07-12 01:39:05 +0000"
    },
    "done": true
  },
  "crabbersdelight:recipes/crabbersdelight/cod_barrel": {
    "criteria": {
      "has_cod": "2024-07-12 01:43:12 +0000",
      "has_the_recipe": "2024-07-12 01:43:12 +0000"
    },
    "done": true
  },
  "handcrafted:recipes/misc/wolf_trophy": {
    "criteria": {
      "has_wolf_trophy": "2024-07-12 01:27:38 +0000"
    },
    "done": true
  },
  "farmersdelight:recipes/cooking/dog_food": {
    "criteria": {
      "has_any_ingredient": "2024-07-12 01:29:08 +0000"
    },
    "done": true
  },
  "betterend:recipes/decorations/helix_tree_chair": {
    "criteria": {
      "has_stick": "2024-07-12 01:27:51 +0000"
    },
    "done": true
  },
  "twilightforest:recipes/transportation/mining_boat": {
    "criteria": {
      "in_water": "2024-07-12 01:24:13 +0000"
    },
    "done": true
  },
  "minecraft:recipes/building_blocks/pink_concrete_powder": {
    "criteria": {
      "has_sand": "2024-07-12 01:25:51 +0000"
    },
    "done": true
  },
  "minecraft:recipes/building_blocks/sandstone_slab": {
    "criteria": {
      "has_sandstone": "2024-07-12 01:29:31 +0000"
    },
    "done": true
  },
  "supplementaries:recipes/timber_cross_brace": {
    "criteria": {
      "forge:rods/wooden": "2024-07-12 01:27:51 +0000"
    },
    "done": true
  },
  "betterend:recipes/misc/leather_wrapped_stick": {
    "criteria": {
      "has_stick": "2024-07-12 01:27:51 +0000"
    },
    "done": true
  },
  "everycomp:recipes/decorations/q/biomesoplenty/dead_bookshelf": {
    "criteria": {
      "has_planks": "2024-07-12 01:27:38 +0000"
    },
    "done": true
  },
  "stoneworks:recipes/building_blocks/mossy_cobbled_sandstone_from_sandstone_stonecutting": {
    "criteria": {
      "has_sandstone": "2024-07-12 01:29:32 +0000"
    },
    "done": true
  },
  "betterend:recipes/decorations/dragon_tree_fence": {
    "criteria": {
      "has_stick": "2024-07-12 01:27:51 +0000"
    },
    "done": true
  },
  "everycomp:recipes/building_blocks/db/biomesoplenty/dead_seat": {
    "criteria": {
      "has_planks": "2024-07-12 01:27:38 +0000"
    },
    "done": true
  },
  "biomesoplenty:recipes/building_blocks/cut_orange_sandstone_from_orange_sandstone_stonecutting": {
    "criteria": {
      "has_orange_sandstone": "2024-07-12 01:37:22 +0000"
    },
    "done": true
  },
  "minecraft:recipes/misc/gold_nugget_from_smelting": {
    "criteria": {
      "has_golden_boots": "2024-07-12 01:39:04 +0000"
    },
    "done": true
  },
  "betterend:recipes/decorations/mossy_glowshroom_sign": {
    "criteria": {
      "has_stick": "2024-07-12 01:27:51 +0000"
    },
    "done": true
  },
  "farmersdelight:recipes/food/wheat_dough_from_eggs": {
    "criteria": {
      "has_wheat": "2024-07-12 01:29:08 +0000"
    },
    "done": true
  },
  "supplementaries:recipes/flags/flag_gray": {
    "criteria": {
      "has_stick": "2024-07-12 01:27:51 +0000"
    },
    "done": true
  },
  "crabbersdelight:recipes/decorations/crab_trap": {
    "criteria": {
      "has_stick": "2024-07-12 01:27:51 +0000"
    },
    "done": true
  },
  "stoneworks:recipes/building_blocks/sandstone_paver_stairs_from_sandstone_stonecutting": {
    "criteria": {
      "has_sandstone": "2024-07-12 01:29:32 +0000"
    },
    "done": true
  },
  "minecraft:recipes/building_blocks/smooth_sandstone": {
    "criteria": {
      "has_sandstone": "2024-07-12 01:29:32 +0000"
    },
    "done": true
  },
  "supplementaries:recipes/faucet": {
    "criteria": {
      "forge:rods/wooden": "2024-07-12 01:27:51 +0000"
    },
    "done": true
  },
  "betterend:recipes/decorations/tenanea_bar_stool": {
    "criteria": {
      "has_stick": "2024-07-12 01:27:51 +0000"
    },
    "done": true
  },
  "everycomp:recipes/decorations/af/biomesoplenty/dead_flower_box": {
    "criteria": {
      "has_planks": "2024-07-12 01:27:38 +0000"
    },
    "done": true
  },
  "backpacked:recipes/decorations/dark_oak_backpack_shelf": {
    "criteria": {
      "has_stick": "2024-07-12 01:27:51 +0000"
    },
    "done": true
  },
  "biomesoplenty:recipes/building_blocks/chiseled_orange_sandstone_from_orange_sandstone_stonecutting": {
    "criteria": {
      "has_orange_sandstone": "2024-07-12 01:37:22 +0000"
    },
    "done": true
  },
  "twilightforest:recipes/transportation/mangrove_boat": {
    "criteria": {
      "in_water": "2024-07-12 01:24:14 +0000"
    },
    "done": true
  },
  "everycomp:recipes/decorations/hnhome/biomesoplenty/dead_trim_1": {
    "criteria": {
      "has_planks": "2024-07-12 01:27:38 +0000"
    },
    "done": true
  },
  "supplementaries:recipes/bed_from_feather_block": {
    "criteria": {
      "minecraft:planks": "2024-07-12 01:27:38 +0000"
    },
    "done": true
  },
  "biomesoplenty:recipes/transportation/fir_boat": {
    "criteria": {
      "in_water": "2024-07-12 01:24:13 +0000"
    },
    "done": true
  },
  "betterend:recipes/decorations/tenanea_fence": {
    "criteria": {
      "has_stick": "2024-07-12 01:27:51 +0000"
    },
    "done": true
  },
  "minecraft:recipes/building_blocks/white_concrete_powder": {
    "criteria": {
      "has_sand": "2024-07-12 01:25:51 +0000"
    },
    "done": true
  },
  "aether_redux:recipes/transportation/fieldsproot_boat": {
    "criteria": {
      "in_water": "2024-07-12 01:24:13 +0000"
    },
    "done": true
  },
  "betterend:recipes/decorations/lucernia_bar_stool": {
    "criteria": {
      "has_stick": "2024-07-12 01:27:51 +0000"
    },
    "done": true
  },
  "biomesoplenty:recipes/decorations/orange_sandstone_wall": {
    "criteria": {
      "has_orange_sandstone": "2024-07-12 01:37:22 +0000"
    },
    "done": true
  },
  "betterend:recipes/redstone/helix_tree_gate": {
    "criteria": {
      "has_stick": "2024-07-12 01:27:51 +0000"
    },
    "done": true
  },
  "betterend:recipes/decorations/pythadendron_sign": {
    "criteria": {
      "has_stick": "2024-07-12 01:27:51 +0000"
    },
    "done": true
  },
  "another_furniture:recipes/warped_drawer": {
    "criteria": {
      "has_planks": "2024-07-12 01:27:51 +0000"
    },
    "done": true
  },
  "hearth_and_home:recipes/trims": {
    "criteria": {
      "has_item": "2024-07-12 01:27:38 +0000"
    },
    "done": true
  },
  "everycomp:recipes/decorations/q/biomesoplenty/stripped_dead_post": {
    "criteria": {
      "has_planks": "2024-07-12 01:27:38 +0000"
    },
    "done": true
  },
  "supplementaries:recipes/flags/flag_light_blue": {
    "criteria": {
      "has_stick": "2024-07-12 01:27:51 +0000"
    },
    "done": true
  },
  "minecraft:recipes/transportation/spruce_boat": {
    "criteria": {
      "in_water": "2024-07-12 01:24:13 +0000"
    },
    "done": true
  },
  "betterend:recipes/misc/copy_handle_attachment": {
    "criteria": {
      "has_stick": "2024-07-12 01:27:51 +0000"
    },
    "done": true
  },
  "everycomp:recipes/decorations/q/biomesoplenty/dead_chest": {
    "criteria": {
      "has_planks": "2024-07-12 01:27:38 +0000"
    },
    "done": true
  },
  "stoneworks:recipes/building_blocks/sandstone_plate_stairs_from_sandstone_stonecutting": {
    "criteria": {
      "has_sandstone": "2024-07-12 01:29:32 +0000"
    },
    "done": true
  },
  "biomesoplenty:recipes/transportation/redwood_boat": {
    "criteria": {
      "in_water": "2024-07-12 01:24:13 +0000"
    },
    "done": true
  },
  "betterend:recipes/redstone/end_lotus_gate": {
    "criteria": {
      "has_stick": "2024-07-12 01:27:51 +0000"
    },
    "done": true
  },
  "handcrafted:recipes/misc/spider_trophy": {
    "criteria": {
      "has_spider_trophy": "2024-07-12 01:27:38 +0000"
    },
    "done": true
  },
  "betterend:recipes/misc/terminite_sword_handle": {
    "criteria": {
      "has_item.minecraft.stick": "2024-07-12 01:27:51 +0000"
    },
    "done": true
  },
  "everycomp:recipes/decorations/hnhome/biomesoplenty/dead_lattice": {
    "criteria": {
      "has_planks": "2024-07-12 01:27:38 +0000"
    },
    "done": true
  },
  "minecraft:recipes/transportation/mangrove_boat": {
    "criteria": {
      "in_water": "2024-07-12 01:24:13 +0000"
    },
    "done": true
  },
  "supplementaries:recipes/daub_brace": {
    "criteria": {
      "forge:rods/wooden": "2024-07-12 01:27:51 +0000"
    },
    "done": true
  },
  "biomesoplenty:recipes/building_blocks/orange_sandstone_stairs": {
    "criteria": {
      "has_sandstone": "2024-07-12 01:37:22 +0000"
    },
    "done": true
  },
  "supplementaries:recipes/notice_board": {
    "criteria": {
      "minecraft:planks": "2024-07-12 01:27:38 +0000"
    },
    "done": true
  },
  "minecraft:recipes/food/cooked_salmon_from_smoking": {
    "criteria": {
      "has_salmon": "2024-07-12 01:43:11 +0000"
    },
    "done": true
  },
  "another_furniture:recipes/jungle_drawer": {
    "criteria": {
      "has_planks": "2024-07-12 01:27:51 +0000"
    },
    "done": true
  },
  "biomesoplenty:recipes/building_blocks/dead_stairs": {
    "criteria": {
      "has_planks": "2024-07-12 01:27:38 +0000"
    },
    "done": true
  },
  "aether:recipes/tools/stone_shovel_repairing": {
    "criteria": {
      "has_stone_shovel": "2024-07-12 01:29:09 +0000"
    },
    "done": true
  },
  "biomesoplenty:recipes/transportation/hellbark_boat": {
    "criteria": {
      "in_water": "2024-07-12 01:24:14 +0000"
    },
    "done": true
  },
  "betterend:recipes/decorations/end_lotus_fence": {
    "criteria": {
      "has_stick": "2024-07-12 01:27:51 +0000"
    },
    "done": true
  },
  "biomesoplenty:recipes/transportation/jacaranda_boat": {
    "criteria": {
      "in_water": "2024-07-12 01:24:13 +0000"
    },
    "done": true
  },
  "twilightforest:recipes/transportation/canopy_boat": {
    "criteria": {
      "in_water": "2024-07-12 01:24:14 +0000"
    },
    "done": true
  },
  "delightful:recipes/smoking/roasted_acorn": {
    "criteria": {
      "roasted_acorn": "2024-07-12 01:31:39 +0000"
    },
    "done": true
  },
  "backpacked:recipes/decorations/jungle_backpack_shelf": {
    "criteria": {
      "has_stick": "2024-07-12 01:27:51 +0000"
    },
    "done": true
  },
  "minecraft:recipes/tools/flint_and_steel": {
    "criteria": {
      "has_obsidian": "2024-07-12 01:39:05 +0000"
    },
    "done": true
  },
  "stoneworks:recipes/building_blocks/cobbled_sandstone_wall_from_sandstone_stonecutting": {
    "criteria": {
      "has_sandstone": "2024-07-12 01:29:31 +0000"
    },
    "done": true
  },
  "minecraft:recipes/tools/wooden_pickaxe": {
    "criteria": {
      "has_stick": "2024-07-12 01:27:51 +0000"
    },
    "done": true
  },
  "supplementaries:recipes/flags/flag_cyan": {
    "criteria": {
      "has_stick": "2024-07-12 01:27:51 +0000"
    },
    "done": true
  },
  "betterend:recipes/decorations/jellyshroom_taburet": {
    "criteria": {
      "has_stick": "2024-07-12 01:27:51 +0000"
    },
    "done": true
  },
  "biomesoplenty:recipes/transportation/palm_boat": {
    "criteria": {
      "in_water": "2024-07-12 01:24:13 +0000"
    },
    "done": true
  },
  "biomesoplenty:recipes/building_blocks/dead_planks": {
    "criteria": {
      "has_logs": "2024-07-12 01:27:32 +0000"
    },
    "done": true
  },
  "alexsmobs:alexsmobs/acacia_blossom": {
    "criteria": {
      "acacia_blossom": "2024-07-12 01:33:11 +0000"
    },
    "done": true
  },
  "cuisinedelight:recipes/misc/plate_from_planks_stonecutting": {
    "criteria": {
      "has_planks": "2024-07-12 01:27:38 +0000"
    },
    "done": true
  },
  "betterend:recipes/decorations/jellyshroom_bar_stool": {
    "criteria": {
      "has_stick": "2024-07-12 01:27:51 +0000"
    },
    "done": true
  },
  "betterend:recipes/decorations/lucernia_taburet": {
    "criteria": {
      "has_stick": "2024-07-12 01:27:51 +0000"
    },
    "done": true
  },
  "minecraft:recipes/building_blocks/yellow_concrete_powder": {
    "criteria": {
      "has_sand": "2024-07-12 01:25:51 +0000"
    },
    "done": true
  },
  "betterend:recipes/decorations/lacugrove_fence": {
    "criteria": {
      "has_stick": "2024-07-12 01:27:51 +0000"
    },
    "done": true
  },
  "stoneworks:recipes/building_blocks/sandstone_plate_slab_from_sandstone_stonecutting": {
    "criteria": {
      "has_sandstone": "2024-07-12 01:29:32 +0000"
    },
    "done": true
  },
  "another_furniture:recipes/mangrove_drawer": {
    "criteria": {
      "has_planks": "2024-07-12 01:27:51 +0000"
    },
    "done": true
  },
  "minecraft:recipes/building_blocks/sandstone": {
    "criteria": {
      "has_sand": "2024-07-12 01:25:51 +0000"
    },
    "done": true
  },
  "dungeons_arise:find_bandit_towers": {
    "criteria": {
      "location0": "2024-07-12 01:25:54 +0000"
    },
    "done": true
  },
  "betterend:recipes/redstone/dragon_tree_gate": {
    "criteria": {
      "has_stick": "2024-07-12 01:27:51 +0000"
    },
    "done": true
  },
  "farmersdelight:recipes/building_blocks/organic_compost_from_rotten_flesh": {
    "criteria": {
      "has_rotten_flesh": "2024-07-12 01:29:08 +0000"
    },
    "done": true
  },
  "everycomp:recipes/building_blocks/db/biomesoplenty/dead_beam": {
    "criteria": {
      "has_planks": "2024-07-12 01:27:38 +0000"
    },
    "done": true
  },
  "minecraft:recipes/food/cooked_cod_from_campfire_cooking": {
    "criteria": {
      "has_cod": "2024-07-12 01:43:12 +0000"
    },
    "done": true
  },
  "supplementaries:recipes/flags/flag_red": {
    "criteria": {
      "has_stick": "2024-07-12 01:27:51 +0000"
    },
    "done": true
  },
  "biomesoplenty:recipes/building_blocks/dead_slab": {
    "criteria": {
      "has_planks": "2024-07-12 01:27:38 +0000"
    },
    "done": true
  },
  "minecraft:adventure/kill_a_mob": {
    "criteria": {
      "minecraft:husk": "2024-07-12 01:38:01 +0000"
    },
    "done": true
  },
  "minecraft:husbandry/balanced_diet": {
    "criteria": {
      "rotten_flesh": "2024-07-12 01:32:08 +0000"
    },
    "done": false
  },
  "minecraft:recipes/food/cooked_cod": {
    "criteria": {
      "has_cod": "2024-07-12 01:43:12 +0000"
    },
    "done": true
  },
  "supplementaries:recipes/daub": {
    "criteria": {
      "supplementaries:straw": "2024-07-12 01:29:08 +0000"
    },
    "done": true
  },
  "twilightforest:recipes/transportation/sorting_boat": {
    "criteria": {
      "in_water": "2024-07-12 01:24:13 +0000"
    },
    "done": true
  },
  "aether:recipes/combat/golden_boots_repairing": {
    "criteria": {
      "has_golden_boots": "2024-07-12 01:39:04 +0000"
    },
    "done": true
  },
  "decorative_blocks:recipes/building_blocks/acacia_palisade": {
    "criteria": {
      "has_log": "2024-07-12 01:32:58 +0000"
    },
    "done": true
  },
  "betterend:recipes/decorations/tenanea_ladder": {
    "criteria": {
      "has_stick": "2024-07-12 01:27:51 +0000"
    },
    "done": true
  },
  "aether_redux:recipes/transportation/glacia_boat": {
    "criteria": {
      "in_water": "2024-07-12 01:24:13 +0000"
    },
    "done": true
  },
  "handcrafted:recipes/misc/skeleton_horse_trophy": {
    "criteria": {
      "has_skeleton_horse_trophy": "2024-07-12 01:27:38 +0000"
    },
    "done": true
  },
  "another_furniture:recipes/furniture_hammer": {
    "criteria": {
      "has_stick": "2024-07-12 01:27:51 +0000"
    },
    "done": true
  },
  "stoneworks:recipes/building_blocks/sandstone_tile_wall_from_sandstone_stonecutting": {
    "criteria": {
      "has_sandstone": "2024-07-12 01:29:32 +0000"
    },
    "done": true
  },
  "another_furniture:recipes/birch_drawer": {
    "criteria": {
      "has_planks": "2024-07-12 01:27:51 +0000"
    },
    "done": true
  },
  "betterend:recipes/decorations/mossy_glowshroom_taburet": {
    "criteria": {
      "has_stick": "2024-07-12 01:27:51 +0000"
    },
    "done": true
  },
  "betterend:recipes/decorations/mossy_glowshroom_fence": {
    "criteria": {
      "has_stick": "2024-07-12 01:27:51 +0000"
    },
    "done": true
  },
  "minecraft:recipes/building_blocks/acacia_planks": {
    "criteria": {
      "has_log": "2024-07-12 01:32:58 +0000"
    },
    "done": true
  },
  "betterend:recipes/decorations/mossy_glowshroom_ladder": {
    "criteria": {
      "has_stick": "2024-07-12 01:27:51 +0000"
    },
    "done": true
  },
  "handcrafted:recipes/misc/wither_skeleton_trophy": {
    "criteria": {
      "has_wither_skeleton_trophy": "2024-07-12 01:27:38 +0000"
    },
    "done": true
  },
  "everycomp:recipes/decorations/hnhome/biomesoplenty/dead_trim": {
    "criteria": {
      "has_planks": "2024-07-12 01:27:38 +0000"
    },
    "done": true
  },
  "minecraft:recipes/transportation/dark_oak_boat": {
    "criteria": {
      "in_water": "2024-07-12 01:24:13 +0000"
    },
    "done": true
  },
  "stoneworks:recipes/building_blocks/sandstone_pillar_from_sandstone_stonecutting": {
    "criteria": {
      "has_sandstone": "2024-07-12 01:29:32 +0000"
    },
    "done": true
  },
  "stoneworks:recipes/building_blocks/mossy_sandstone_brick_slab_from_sandstone_stonecutting": {
    "criteria": {
      "has_sandstone": "2024-07-12 01:29:32 +0000"
    },
    "done": true
  },
  "another_furniture:recipes/oak_drawer": {
    "criteria": {
      "has_planks": "2024-07-12 01:27:51 +0000"
    },
    "done": true
  },
  "stoneworks:recipes/building_blocks/mossy_sandstone_bricks_from_sandstone_stonecutting": {
    "criteria": {
      "has_sandstone": "2024-07-12 01:29:31 +0000"
    },
    "done": true
  },
  "supplementaries:recipes/crank": {
    "criteria": {
      "forge:rods/wooden": "2024-07-12 01:27:51 +0000"
    },
    "done": true
  },
  "betterend:recipes/decorations/lacugrove_ladder": {
    "criteria": {
      "has_stick": "2024-07-12 01:27:51 +0000"
    },
    "done": true
  },
  "minecraft:recipes/building_blocks/red_concrete_powder": {
    "criteria": {
      "has_sand": "2024-07-12 01:25:51 +0000"
    },
    "done": true
  },
  "stoneworks:recipes/building_blocks/sandstone_paver_slab_from_sandstone_stonecutting": {
    "criteria": {
      "has_sandstone": "2024-07-12 01:29:32 +0000"
    },
    "done": true
  },
  "minecraft:recipes/food/cooked_cod_from_smoking": {
    "criteria": {
      "has_cod": "2024-07-12 01:43:12 +0000"
    },
    "done": true
  },
  "decorative_blocks:recipes/building_blocks/oak_palisade": {
    "criteria": {
      "has_log": "2024-07-12 01:31:39 +0000"
    },
    "done": true
  },
  "supplementaries:recipes/flags/flag_orange": {
    "criteria": {
      "has_stick": "2024-07-12 01:27:51 +0000"
    },
    "done": true
  },
  "everycomp:recipes/decorations/af/biomesoplenty/dead_table": {
    "criteria": {
      "has_planks": "2024-07-12 01:27:38 +0000"
    },
    "done": true
  },
  "minecraft:recipes/building_blocks/green_concrete_powder": {
    "criteria": {
      "has_sand": "2024-07-12 01:25:51 +0000"
    },
    "done": true
  },
  "supplementaries:recipes/lock_block": {
    "criteria": {
      "minecraft:planks": "2024-07-12 01:27:38 +0000"
    },
    "done": true
  },
  "minecraft:recipes/misc/gold_nugget_from_blasting": {
    "criteria": {
      "has_golden_boots": "2024-07-12 01:39:04 +0000"
    },
    "done": true
  },
  "minecraft:recipes/building_blocks/blue_concrete_powder": {
    "criteria": {
      "has_sand": "2024-07-12 01:25:51 +0000"
    },
    "done": true
  },
  "oceansdelight:recipes/oceansdelight/stuffed_cod": {
    "criteria": {
      "has_cod": "2024-07-12 01:43:12 +0000"
    },
    "done": true
  },
  "repurposed_structures:root": {
    "criteria": {
      "always": "2024-07-12 01:23:22 +0000"
    },
    "done": true
  },
  "naturescompass:natures_compass": {
    "criteria": {
      "has_recipe": "2024-07-12 01:27:32 +0000"
    },
    "done": true
  },
  "everycomp:recipes/decorations/af/biomesoplenty/dead_shutter": {
    "criteria": {
      "has_planks": "2024-07-12 01:27:38 +0000"
    },
    "done": true
  },
  "another_furniture:recipes/dark_oak_drawer": {
    "criteria": {
      "has_planks": "2024-07-12 01:27:51 +0000"
    },
    "done": true
  },
  "minecraft:recipes/brewing/golden_carrot": {
    "criteria": {
      "has_gold_nugget": "2024-07-12 01:39:04 +0000"
    },
    "done": true
  },
  "minecraft:adventure/kill_all_mobs": {
    "criteria": {
      "minecraft:husk": "2024-07-12 01:38:01 +0000"
    },
    "done": false
  },
  "biomesoplenty:recipes/redstone/dead_pressure_plate": {
    "criteria": {
      "has_planks": "2024-07-12 01:27:38 +0000"
    },
    "done": true
  },
  "biomesoplenty:recipes/transportation/umbran_boat": {
    "criteria": {
      "in_water": "2024-07-12 01:24:14 +0000"
    },
    "done": true
  },
  "mowziesmobs:root": {
    "criteria": {
      "custom_test_name": "2024-07-12 01:23:22 +0000"
    },
    "done": true
  },
  "betterend:recipes/redstone/umbrella_tree_gate": {
    "criteria": {
      "has_stick": "2024-07-12 01:27:51 +0000"
    },
    "done": true
  },
  "minecraft:recipes/transportation/bamboo_raft": {
    "criteria": {
      "in_water": "2024-07-12 01:24:13 +0000"
    },
    "done": true
  },
  "stoneworks:recipes/building_blocks/sandstone_tile_stairs_from_sandstone_stonecutting": {
    "criteria": {
      "has_sandstone": "2024-07-12 01:29:32 +0000"
    },
    "done": true
  },
  "backpacked:recipes/decorations/spruce_backpack_shelf": {
    "criteria": {
      "has_stick": "2024-07-12 01:27:51 +0000"
    },
    "done": true
  },
  "betterend:recipes/decorations/lucernia_fence": {
    "criteria": {
      "has_stick": "2024-07-12 01:27:51 +0000"
    },
    "done": true
  },
  "minecraft:recipes/food/bread": {
    "criteria": {
      "has_wheat": "2024-07-12 01:29:08 +0000"
    },
    "done": true
  },
  "aether:recipes/tools/wooden_pickaxe_repairing": {
    "criteria": {
      "has_wooden_pickaxe": "2024-07-12 01:28:16 +0000"
    },
    "done": true
  },
  "minecraft:recipes/building_blocks/hay_block": {
    "criteria": {
      "has_wheat": "2024-07-12 01:29:08 +0000"
    },
    "done": true
  },
  "stoneworks:recipes/building_blocks/sandstone_bricks_from_sandstone_stonecutting": {
    "criteria": {
      "has_sandstone": "2024-07-12 01:29:32 +0000"
    },
    "done": true
  },
  "handcrafted:recipes/misc/salmon_trophy": {
    "criteria": {
      "has_salmon_trophy": "2024-07-12 01:27:38 +0000"
    },
    "done": true
  },
  "biomesoplenty:recipes/building_blocks/cut_orange_sandstone_slab_from_cut_orange_sandstone_stonecutting": {
    "criteria": {
      "has_cut_orange_sandstone": "2024-07-12 01:37:22 +0000"
    },
    "done": true
  },
  "betterend:recipes/decorations/helix_tree_bar_stool": {
    "criteria": {
      "has_stick": "2024-07-12 01:27:51 +0000"
    },
    "done": true
  },
  "everycomp:recipes/decorations/q/biomesoplenty/dead_trapped_chest": {
    "criteria": {
      "has_planks": "2024-07-12 01:27:38 +0000"
    },
    "done": true
  },
  "farmersdelight:recipes/cooking/cooked_crab": {
    "criteria": {
      "has_any_ingredient": "2024-07-12 01:43:05 +0000"
    },
    "done": true
  },
  "handcrafted:recipes/misc/silverfish_trophy": {
    "criteria": {
      "has_silverfish_trophy": "2024-07-12 01:27:38 +0000"
    },
    "done": true
  },
  "biomesoplenty:recipes/building_blocks/orange_sandstone": {
    "criteria": {
      "has_sand": "2024-07-12 01:37:40 +0000"
    },
    "done": true
  },
  "biomesoplenty:recipes/decorations/dead_fence": {
    "criteria": {
      "has_planks": "2024-07-12 01:27:38 +0000"
    },
    "done": true
  },
  "betterend:recipes/decorations/jellyshroom_fence": {
    "criteria": {
      "has_stick": "2024-07-12 01:27:51 +0000"
    },
    "done": true
  },
  "crabbersdelight:recipes/building_blocks/crab_barrel": {
    "criteria": {
      "has_crab": "2024-07-12 01:43:05 +0000"
    },
    "done": true
  },
  "backpacked:recipes/decorations/acacia_backpack_shelf": {
    "criteria": {
      "has_stick": "2024-07-12 01:27:51 +0000"
    },
    "done": true
  },
  "minecraft:recipes/building_blocks/sandstone_stairs": {
    "criteria": {
      "has_sandstone": "2024-07-12 01:29:32 +0000"
    },
    "done": true
  },
  "everycomp:recipes/decorations/af/biomesoplenty/dead_drawer": {
    "criteria": {
      "has_planks": "2024-07-12 01:27:38 +0000"
    },
    "done": true
  },
  "betterend:recipes/decorations/lucernia_sign": {
    "criteria": {
      "has_stick": "2024-07-12 01:27:51 +0000"
    },
    "done": true
  },
  "another_furniture:recipes/spruce_drawer": {
    "criteria": {
      "has_planks": "2024-07-12 01:27:51 +0000"
    },
    "done": true
  },
  "minecraft:recipes/building_blocks/orange_concrete_powder": {
    "criteria": {
      "has_sand": "2024-07-12 01:25:51 +0000"
    },
    "done": true
  },
  "supplementaries:recipes/flags/flag_pink": {
    "criteria": {
      "has_stick": "2024-07-12 01:27:51 +0000"
    },
    "done": true
  },
  "twigs:recipes/silt/silt_from_sand": {
    "criteria": {
      "has_item": "2024-07-12 01:25:51 +0000"
    },
    "done": true
  },
  "betterend:recipes/misc/copy_tool_assembly": {
    "criteria": {
      "has_stick": "2024-07-12 01:27:51 +0000"
    },
    "done": true
  },
  "dungeons_arise:wda_root": {
    "criteria": {
      "WDA": "2024-07-12 01:23:22 +0000"
    },
    "done": true
  },
  "supplementaries:recipes/timber_frame": {
    "criteria": {
      "forge:rods/wooden": "2024-07-12 01:27:51 +0000"
    },
    "done": true
  },
  "minecraft:recipes/tools/wooden_hoe": {
    "criteria": {
      "has_stick": "2024-07-12 01:27:51 +0000"
    },
    "done": true
  },
  "betterend:recipes/decorations/pythadendron_chair": {
    "criteria": {
      "has_stick": "2024-07-12 01:27:51 +0000"
    },
    "done": true
  },
  "hearth_and_home:recipes/parquets": {
    "criteria": {
      "has_item": "2024-07-12 01:27:38 +0000"
    },
    "done": true
  },
  "betterend:recipes/decorations/pythadendron_ladder": {
    "criteria": {
      "has_stick": "2024-07-12 01:27:51 +0000"
    },
    "done": true
  },
  "betterend:recipes/decorations/umbrella_tree_chair": {
    "criteria": {
      "has_stick": "2024-07-12 01:27:51 +0000"
    },
    "done": true
  },
  "minecraft:recipes/misc/charcoal": {
    "criteria": {
      "has_log": "2024-07-12 01:27:32 +0000"
    },
    "done": true
  },
  "biomesoplenty:recipes/decorations/orange_sandstone_wall_from_orange_sandstone_stonecutting": {
    "criteria": {
      "has_orange_sandstone": "2024-07-12 01:37:22 +0000"
    },
    "done": true
  },
  "biomesoplenty:recipes/decorations/dead_sign": {
    "criteria": {
      "has_dead_planks": "2024-07-12 01:27:38 +0000"
    },
    "done": true
  },
  "naturescompass:natures_compass_log": {
    "criteria": {
      "has_log": "2024-07-12 01:27:32 +0000"
    },
    "done": true
  },
  "stoneworks:recipes/building_blocks/sandstone_brick_wall_from_sandstone_stonecutting": {
    "criteria": {
      "has_sandstone": "2024-07-12 01:29:32 +0000"
    },
    "done": true
  },
  "betterend:recipes/misc/golden_hammer": {
    "criteria": {
      "has_stick": "2024-07-12 01:27:51 +0000"
    },
    "done": true
  },
  "supplementaries:recipes/slingshot": {
    "criteria": {
      "forge:rods/wooden": "2024-07-12 01:27:51 +0000"
    },
    "done": true
  },
  "minecraft:recipes/building_blocks/cut_sandstone_slab_from_sandstone_stonecutting": {
    "criteria": {
      "has_sandstone": "2024-07-12 01:29:32 +0000"
    },
    "done": true
  },
  "betterend:recipes/decorations/dragon_tree_ladder": {
    "criteria": {
      "has_stick": "2024-07-12 01:27:51 +0000"
    },
    "done": true
  },
  "minecraft:story/form_obsidian": {
    "criteria": {
      "obsidian": "2024-07-12 01:39:05 +0000"
    },
    "done": true
  },
  "twigs:recipes/bone_meal_from_seashells": {
    "criteria": {
      "has_item": "2024-07-12 01:24:08 +0000"
    },
    "done": true
  },
  "biomesoplenty:recipes/building_blocks/palm_wood": {
    "criteria": {
      "has_log": "2024-07-12 01:36:21 +0000"
    },
    "done": true
  },
  "minecraft:recipes/tools/wooden_shovel": {
    "criteria": {
      "has_stick": "2024-07-12 01:27:51 +0000"
    },
    "done": true
  },
  "another_furniture:recipes/bamboo_drawer": {
    "criteria": {
      "has_planks": "2024-07-12 01:27:51 +0000"
    },
    "done": true
  },
  "betterend:recipes/decorations/umbrella_tree_sign": {
    "criteria": {
      "has_stick": "2024-07-12 01:27:51 +0000"
    },
    "done": true
  },
  "stoneworks:recipes/building_blocks/cobbled_sandstone_from_sandstone_stonecutting": {
    "criteria": {
      "has_sandstone": "2024-07-12 01:29:32 +0000"
    },
    "done": true
  },
  "stoneworks:recipes/building_blocks/sandstone_shingle_wall_from_sandstone_stonecutting": {
    "criteria": {
      "has_sandstone": "2024-07-12 01:29:32 +0000"
    },
    "done": true
  },
  "minecraft:adventure/root": {
    "criteria": {
      "killed_by_something": "2024-07-12 01:26:24 +0000"
    },
    "done": true
  },
  "supplementaries:recipes/clock_block": {
    "criteria": {
      "minecraft:planks": "2024-07-12 01:27:38 +0000"
    },
    "done": true
  },
  "biomesoplenty:recipes/building_blocks/chiseled_orange_sandstone": {
    "criteria": {
      "has_orange_sandstone": "2024-07-12 01:37:22 +0000"
    },
    "done": true
  },
  "betterend:recipes/decorations/end_lotus_sign": {
    "criteria": {
      "has_stick": "2024-07-12 01:27:51 +0000"
    },
    "done": true
  },
  "minecraft:recipes/decorations/barrel": {
    "criteria": {
      "has_planks": "2024-07-12 01:27:38 +0000"
    },
    "done": true
  },
  "betterend:recipes/decorations/lucernia_ladder": {
    "criteria": {
      "has_stick": "2024-07-12 01:27:51 +0000"
    },
    "done": true
  },
  "betterend:recipes/decorations/helix_tree_taburet": {
    "criteria": {
      "has_stick": "2024-07-12 01:27:51 +0000"
    },
    "done": true
  },
  "betterend:recipes/decorations/pythadendron_taburet": {
    "criteria": {
      "has_stick": "2024-07-12 01:27:51 +0000"
    },
    "done": true
  },
  "minecraft:recipes/building_blocks/purple_concrete_powder": {
    "criteria": {
      "has_sand": "2024-07-12 01:25:51 +0000"
    },
    "done": true
  },
  "betterend:recipes/decorations/tenanea_chair": {
    "criteria": {
      "has_stick": "2024-07-12 01:27:51 +0000"
    },
    "done": true
  },
  "bclib:recipes/redstone/tag_piston": {
    "criteria": {
      "has_tag_minecraft_planks": "2024-07-12 01:27:38 +0000"
    },
    "done": true
  },
  "minecraft:recipes/building_blocks/oak_wood": {
    "criteria": {
      "has_log": "2024-07-12 01:31:39 +0000"
    },
    "done": true
  },
  "crabbersdelight:recipes/building_blocks/salmon_barrel": {
    "criteria": {
      "has_cod": "2024-07-12 01:43:11 +0000",
      "has_the_recipe": "2024-07-12 01:43:11 +0000"
    },
    "done": true
  },
  "stoneworks:recipes/building_blocks/sandstone_tile_slab_from_sandstone_stonecutting": {
    "criteria": {
      "has_sandstone": "2024-07-12 01:29:32 +0000"
    },
    "done": true
  },
  "stoneworks:recipes/building_blocks/mossy_cobbled_sandstone_wall_from_sandstone_stonecutting": {
    "criteria": {
      "has_sandstone": "2024-07-12 01:29:32 +0000"
    },
    "done": true
  },
  "twilightforest:recipes/transportation/twilight_oak_boat": {
    "criteria": {
      "in_water": "2024-07-12 01:24:13 +0000"
    },
    "done": true
  },
  "twilightforest:recipes/transportation/time_boat": {
    "criteria": {
      "in_water": "2024-07-12 01:24:13 +0000"
    },
    "done": true
  },
  "stoneworks:recipes/building_blocks/cracked_sandstone_tiles_from_sandstone_stonecutting": {
    "criteria": {
      "has_sandstone": "2024-07-12 01:29:31 +0000"
    },
    "done": true
  },
  "minecraft:recipes/building_blocks/light_gray_concrete_powder": {
    "criteria": {
      "has_sand": "2024-07-12 01:25:51 +0000"
    },
    "done": true
  },
  "betterend:recipes/decorations/end_lotus_chair": {
    "criteria": {
      "has_stick": "2024-07-12 01:27:51 +0000"
    },
    "done": true
  },
  "farmersdelight:recipes/cooking/fish_stew": {
    "criteria": {
      "has_any_ingredient": "2024-07-12 01:43:11 +0000"
    },
    "done": true
  },
  "betterend:recipes/decorations/mossy_glowshroom_bar_stool": {
    "criteria": {
      "has_stick": "2024-07-12 01:27:51 +0000"
    },
    "done": true
  },
  "everycomp:recipes/building_blocks/db/biomesoplenty/dead_palisade": {
    "criteria": {
      "has_planks": "2024-07-12 01:27:38 +0000"
    },
    "done": true
  },
  "aether_redux:recipes/transportation/crystal_boat": {
    "criteria": {
      "in_water": "2024-07-12 01:24:14 +0000"
    },
    "done": true
  },
  "aether:recipes/tools/golden_shovel_repairing": {
    "criteria": {
      "has_golden_shovel": "2024-07-12 01:39:05 +0000"
    },
    "done": true
  },
  "delightful:recipes/food/cooking/nut_butter_bottle": {
    "criteria": {
      "has_nuts": "2024-07-12 01:31:39 +0000"
    },
    "done": true
  },
  "stoneworks:recipes/building_blocks/cobbled_sandstone_stairs_from_sandstone_stonecutting": {
    "criteria": {
      "has_sandstone": "2024-07-12 01:29:32 +0000"
    },
    "done": true
  },
  "supplementaries:recipes/flags/flag_brown": {
    "criteria": {
      "has_stick": "2024-07-12 01:27:51 +0000"
    },
    "done": true
  },
  "minecraft:recipes/building_blocks/brown_concrete_powder": {
    "criteria": {
      "has_sand": "2024-07-12 01:25:51 +0000"
    },
    "done": true
  },
  "farmersdelight:recipes/combat/flint_knife": {
    "criteria": {
      "has_stick": "2024-07-12 01:27:51 +0000"
    },
    "done": true
  },
  "minecraft:recipes/building_blocks/light_blue_concrete_powder": {
    "criteria": {
      "has_sand": "2024-07-12 01:25:51 +0000"
    },
    "done": true
  },
  "betterend:recipes/misc/copy_terminite_upgrade": {
    "criteria": {
      "has_stick": "2024-07-12 01:27:51 +0000"
    },
    "done": true
  },
  "minecraft:recipes/building_blocks/glass": {
    "criteria": {
      "has_smelts_to_glass": "2024-07-12 01:25:51 +0000"
    },
    "done": true
  },
  "handcrafted:recipes/misc/sandstone_pillar_trim": {
    "criteria": {
      "has_sandstone_pillar_trim": "2024-07-12 01:29:31 +0000"
    },
    "done": true
  },
  "minecraft:recipes/misc/gold_ingot_from_nuggets": {
    "criteria": {
      "has_gold_nugget": "2024-07-12 01:39:04 +0000"
    },
    "done": true
  },
  "bclib:recipes/decorations/tag_smith_table": {
    "criteria": {
      "has_tag_minecraft_planks": "2024-07-12 01:27:38 +0000"
    },
    "done": true
  },
  "minecraft:recipes/food/cooked_salmon": {
    "criteria": {
      "has_salmon": "2024-07-12 01:43:11 +0000"
    },
    "done": true
  },
  "backpacked:recipes/decorations/birch_backpack_shelf": {
    "criteria": {
      "has_stick": "2024-07-12 01:27:51 +0000"
    },
    "done": true
  },
  "stoneworks:recipes/building_blocks/mossy_sandstone_brick_wall_from_sandstone_stonecutting": {
    "criteria": {
      "has_sandstone": "2024-07-12 01:29:32 +0000"
    },
    "done": true
  },
  "everycomp:recipes/building_blocks/db/biomesoplenty/dead_support": {
    "criteria": {
      "has_planks": "2024-07-12 01:27:38 +0000"
    },
    "done": true
  },
  "biomesoplenty:recipes/building_blocks/orange_sandstone_slab_from_orange_sandstone_stonecutting": {
    "criteria": {
      "has_orange_sandstone": "2024-07-12 01:37:22 +0000"
    },
    "done": true
  },
  "stoneworks:recipes/building_blocks/sandstone_paver_wall_from_sandstone_stonecutting": {
    "criteria": {
      "has_sandstone": "2024-07-12 01:29:31 +0000"
    },
    "done": true
  },
  "aether_redux:recipes/transportation/blightwillow_boat": {
    "criteria": {
      "in_water": "2024-07-12 01:24:14 +0000"
    },
    "done": true
  },
  "twilightforest:recipes/transportation/transformation_boat": {
    "criteria": {
      "in_water": "2024-07-12 01:24:13 +0000"
    },
    "done": true
  },
  "biomesoplenty:biomesoplenty/all_biomes": {
    "criteria": {
      "dryland": "2024-07-12 01:31:36 +0000",
      "wasteland": "2024-07-12 01:27:43 +0000",
      "lush_desert": "2024-07-12 01:32:35 +0000"
    },
    "done": false
  },
  "farmersdelight:recipes/food/wheat_dough_from_water": {
    "criteria": {
      "has_wheat": "2024-07-12 01:29:08 +0000"
    },
    "done": true
  },
  "biomesoplenty:recipes/building_blocks/orange_sandstone_stairs_from_orange_sandstone_stonecutting": {
    "criteria": {
      "has_orange_sandstone": "2024-07-12 01:37:22 +0000"
    },
    "done": true
  },
  "crabbersdelight:recipes/building_blocks/clawster_barrel": {
    "criteria": {
      "has_clawster": "2024-07-12 01:43:12 +0000"
    },
    "done": true
  },
  "everycomp:recipes/decorations/bp/biomesoplenty/dead_backpack_shelf": {
    "criteria": {
      "has_planks": "2024-07-12 01:27:38 +0000"
    },
    "done": true
  },
  "minecraft:recipes/building_blocks/sandstone_stairs_from_sandstone_stonecutting": {
    "criteria": {
      "has_sandstone": "2024-07-12 01:29:31 +0000"
    },
    "done": true
  },
  "bclib:recipes/transportation/tag_rail": {
    "criteria": {
      "has_stick": "2024-07-12 01:27:51 +0000"
    },
    "done": true
  },
  "everycomp:recipes/decorations/faf/biomesoplenty/dead_beehive": {
    "criteria": {
      "has_planks": "2024-07-12 01:27:38 +0000"
    },
    "done": true
  },
  "supplementaries:recipes/speaker_block": {
    "criteria": {
      "minecraft:planks": "2024-07-12 01:27:38 +0000"
    },
    "done": true
  },
  "hearth_and_home:recipes/lattices": {
    "criteria": {
      "has_item": "2024-07-12 01:27:38 +0000"
    },
    "done": true
  },
  "betterend:recipes/decorations/mossy_glowshroom_chair": {
    "criteria": {
      "has_stick": "2024-07-12 01:27:51 +0000"
    },
    "done": true
  },
  "handcrafted:recipes/misc/fox_trophy": {
    "criteria": {
      "has_fox_trophy": "2024-07-12 01:27:38 +0000"
    },
    "done": true
  },
  "bclib:recipes/combat/tag_shield": {
    "criteria": {
      "has_tag_minecraft_planks": "2024-07-12 01:27:38 +0000"
    },
    "done": true
  },
  "minecraft:husbandry/root": {
    "criteria": {
      "consumed_item": "2024-07-12 01:31:45 +0000"
    },
    "done": true
  },
  "minecraft:recipes/transportation/birch_boat": {
    "criteria": {
      "in_water": "2024-07-12 01:24:13 +0000"
    },
    "done": true
  },
  "betterend:recipes/decorations/end_lotus_bar_stool": {
    "criteria": {
      "has_stick": "2024-07-12 01:27:51 +0000"
    },
    "done": true
  },
  "minecraft:recipes/transportation/oak_boat": {
    "criteria": {
      "in_water": "2024-07-12 01:24:13 +0000"
    },
    "done": true
  },
  "hearth_and_home:recipes/sanded_wood": {
    "criteria": {
      "has_item": "2024-07-12 01:27:38 +0000"
    },
    "done": true
  },
  "minecraft:recipes/building_blocks/coal_block": {
    "criteria": {
      "has_coal": "2024-07-12 01:29:07 +0000"
    },
    "done": true
  },
  "betterend:recipes/misc/iron_hammer": {
    "criteria": {
      "has_stick": "2024-07-12 01:27:51 +0000"
    },
    "done": true
  },
  "cataclysm:root": {
    "criteria": {
      "custom_test_name": "2024-07-12 01:23:22 +0000"
    },
    "done": true
  },
  "handcrafted:recipes/misc/tropical_fish_trophy": {
    "criteria": {
      "has_tropical_fish_trophy": "2024-07-12 01:27:38 +0000"
    },
    "done": true
  },
  "betterend:recipes/redstone/lacugrove_gate": {
    "criteria": {
      "has_stick": "2024-07-12 01:27:51 +0000"
    },
    "done": true
  },
  "betterend:recipes/decorations/pythadendron_bar_stool": {
    "criteria": {
      "has_stick": "2024-07-12 01:27:51 +0000"
    },
    "done": true
  },
  "aether:recipes/tools/wooden_axe_repairing": {
    "criteria": {
      "has_wooden_axe": "2024-07-12 01:28:03 +0000"
    },
    "done": true
  },
  "sawmill:recipes/sawmill": {
    "criteria": {
      "has_sticks": "2024-07-12 01:27:51 +0000"
    },
    "done": true
  },
  "supplementaries:recipes/flags/flag_blue": {
    "criteria": {
      "has_stick": "2024-07-12 01:27:51 +0000"
    },
    "done": true
  },
  "aether_redux:recipes/transportation/cloudcap_boat": {
    "criteria": {
      "in_water": "2024-07-12 01:24:13 +0000"
    },
    "done": true
  },
  "stoneworks:recipes/building_blocks/sandstone_plates_from_sandstone_stonecutting": {
    "criteria": {
      "has_sandstone": "2024-07-12 01:29:32 +0000"
    },
    "done": true
  },
  "betterend:recipes/misc/thallasium_sword_handle": {
    "criteria": {
      "has_item.minecraft.stick": "2024-07-12 01:27:51 +0000"
    },
    "done": true
  },
  "handcrafted:recipes/misc/pufferfish_trophy": {
    "criteria": {
      "has_pufferfish_trophy": "2024-07-12 01:27:38 +0000"
    },
    "done": true
  },
  "betterend:recipes/decorations/jellyshroom_ladder": {
    "criteria": {
      "has_stick": "2024-07-12 01:27:51 +0000"
    },
    "done": true
  },
  "betterend:recipes/misc/copy_thallasium_upgrade": {
    "criteria": {
      "has_stick": "2024-07-12 01:27:51 +0000"
    },
    "done": true
  },
  "stoneworks:recipes/building_blocks/mossy_sandstone_brick_stairs_from_sandstone_stonecutting": {
    "criteria": {
      "has_sandstone": "2024-07-12 01:29:32 +0000"
    },
    "done": true
  },
  "supplementaries:recipes/daub_frame": {
    "criteria": {
      "forge:rods/wooden": "2024-07-12 01:27:51 +0000"
    },
    "done": true
  },
  "supplementaries:recipes/key": {
    "criteria": {
      "has_gold_nugget": "2024-07-12 01:39:04 +0000"
    },
    "done": true
  },
  "stoneworks:recipes/building_blocks/sandstone_brick_slab_from_sandstone_stonecutting": {
    "criteria": {
      "has_sandstone": "2024-07-12 01:29:32 +0000"
    },
    "done": true
  },
  "stoneworks:recipes/building_blocks/mossy_cobbled_sandstone_stairs_from_sandstone_stonecutting": {
    "criteria": {
      "has_sandstone": "2024-07-12 01:29:31 +0000"
    },
    "done": true
  },
  "stoneworks:recipes/building_blocks/sandstone_pavers_from_sandstone_stonecutting": {
    "criteria": {
      "has_sandstone": "2024-07-12 01:29:32 +0000"
    },
    "done": true
  },
  "everycomp:recipes/decorations/q/biomesoplenty/dead_ladder": {
    "criteria": {
      "has_planks": "2024-07-12 01:27:38 +0000"
    },
    "done": true
  },
  "biomesoplenty:recipes/transportation/mahogany_boat": {
    "criteria": {
      "in_water": "2024-07-12 01:24:13 +0000"
    },
    "done": true
  },
  "twilightforest:recipes/transportation/dark_boat": {
    "criteria": {
      "in_water": "2024-07-12 01:24:14 +0000"
    },
    "done": true
  },
  "everycomp:recipes/decorations/af/biomesoplenty/dead_chair": {
    "criteria": {
      "has_planks": "2024-07-12 01:27:38 +0000"
    },
    "done": true
  },
  "another_furniture:recipes/crimson_drawer": {
    "criteria": {
      "has_planks": "2024-07-12 01:27:51 +0000"
    },
    "done": true
  },
  "betterend:recipes/redstone/jellyshroom_gate": {
    "criteria": {
      "has_stick": "2024-07-12 01:27:51 +0000"
    },
    "done": true
  },
  "farmersdelight:main/root": {
    "criteria": {
      "seeds": "2024-07-12 01:24:08 +0000"
    },
    "done": true
  },
  "delightful:recipes/storage/acorn_storage_block": {
    "criteria": {
      "has_acorn": "2024-07-12 01:31:39 +0000"
    },
    "done": true
  },
  "aether_redux:recipes/transportation/jellyshroom_boat": {
    "criteria": {
      "in_water": "2024-07-12 01:24:13 +0000"
    },
    "done": true
  },
  "supplementaries:recipes/flags/flag_yellow": {
    "criteria": {
      "has_stick": "2024-07-12 01:27:51 +0000"
    },
    "done": true
  },
  "aether:recipes/decorations/skyroot_chest": {
    "criteria": {
      "has_lots_of_items": "2024-07-12 01:29:09 +0000"
    },
    "done": true
  },
  "betterend:recipes/redstone/lucernia_gate": {
    "criteria": {
      "has_stick": "2024-07-12 01:27:51 +0000"
    },
    "done": true
  },
  "twigs:recipes/stick_from_twig": {
    "criteria": {
      "has_item": "2024-07-12 01:31:57 +0000"
    },
    "done": true
  },
  "betterend:recipes/misc/diamond_hammer": {
    "criteria": {
      "has_stick": "2024-07-12 01:27:51 +0000"
    },
    "done": true
  },
  "biomesoplenty:recipes/building_blocks/dead_wood": {
    "criteria": {
      "has_log": "2024-07-12 01:27:32 +0000"
    },
    "done": true
  },
  "everycomp:recipes/decorations/q/biomesoplenty/vertical_dead_planks": {
    "criteria": {
      "has_planks": "2024-07-12 01:27:38 +0000"
    },
    "done": true
  },
  "backpacked:recipes/decorations/warped_backpack_shelf": {
    "criteria": {
      "has_stick": "2024-07-12 01:27:51 +0000"
    },
    "done": true
  },
  "supplementaries:recipes/flags/flag_light_gray": {
    "criteria": {
      "has_stick": "2024-07-12 01:27:51 +0000"
    },
    "done": true
  },
  "biomesoplenty:recipes/redstone/dead_door": {
    "criteria": {
      "has_planks": "2024-07-12 01:27:38 +0000"
    },
    "done": true
  },
  "crabbersdelight:recipes/crabbersdelight/salmon_barrel": {
    "criteria": {
      "has_cod": "2024-07-12 01:43:11 +0000"
    },
    "done": true
  },
  "betterend:recipes/decorations/umbrella_tree_bar_stool": {
    "criteria": {
      "has_stick": "2024-07-12 01:27:51 +0000"
    },
    "done": true
  },
  "minecraft:recipes/building_blocks/gray_concrete_powder": {
    "criteria": {
      "has_sand": "2024-07-12 01:25:51 +0000"
    },
    "done": true
  },
  "minecraft:adventure/adventuring_time": {
    "criteria": {
      "minecraft:eroded_badlands": "2024-07-12 01:24:15 +0000",
      "minecraft:badlands": "2024-07-12 01:23:23 +0000",
      "minecraft:lukewarm_ocean": "2024-07-12 01:41:40 +0000",
      "minecraft:river": "2024-07-12 01:24:09 +0000",
      "minecraft:desert": "2024-07-12 01:24:02 +0000",
      "minecraft:warm_ocean": "2024-07-12 01:38:34 +0000",
      "minecraft:deep_lukewarm_ocean": "2024-07-12 01:42:29 +0000"
    },
    "done": false
  },
  "aether:recipes/tools/stone_axe_repairing": {
    "criteria": {
      "has_stone_axe": "2024-07-12 01:29:07 +0000"
    },
    "done": true
  },
  "dungeons_arise:find_ceryneian_hind": {
    "criteria": {
      "location0": "2024-07-12 01:31:01 +0000"
    },
    "done": true
  },
  "minecraft:recipes/decorations/sandstone_wall": {
    "criteria": {
      "has_sandstone": "2024-07-12 01:29:31 +0000"
    },
    "done": true
  },
  "supplementaries:recipes/pulley": {
    "criteria": {
      "minecraft:planks": "2024-07-12 01:27:38 +0000"
    },
    "done": true
  },
  "everycomp:recipes/decorations/hnhome/biomesoplenty/dead_parquet": {
    "criteria": {
      "has_planks": "2024-07-12 01:27:38 +0000"
    },
    "done": true
  },
  "everycomp:recipes/decorations/q/biomesoplenty/hollow_dead_log": {
    "criteria": {
      "has_planks": "2024-07-12 01:27:38 +0000"
    },
    "done": true
  },
  "stoneworks:recipes/building_blocks/sandstone_shingle_slab_from_sandstone_stonecutting": {
    "criteria": {
      "has_sandstone": "2024-07-12 01:29:32 +0000"
    },
    "done": true
  },
  "farmersdelight:recipes/decorations/cutting_board": {
    "criteria": {
      "has_stick": "2024-07-12 01:27:51 +0000"
    },
    "done": true
  },
  "betterend:recipes/decorations/umbrella_tree_taburet": {
    "criteria": {
      "has_stick": "2024-07-12 01:27:51 +0000"
    },
    "done": true
  },
  "biomesoplenty:recipes/redstone/dead_trapdoor": {
    "criteria": {
      "has_planks": "2024-07-12 01:27:38 +0000"
    },
    "done": true
  },
  "minecraft:recipes/decorations/enchanting_table": {
    "criteria": {
      "has_obsidian": "2024-07-12 01:39:05 +0000"
    },
    "done": true
  },
  "stoneworks:recipes/building_blocks/mossy_cobbled_sandstone_slab_from_sandstone_stonecutting": {
    "criteria": {
      "has_sandstone": "2024-07-12 01:29:32 +0000"
    },
    "done": true
  },
  "betterend:recipes/misc/dragon_bone_block": {
    "criteria": {
      "has_bone_block": "2024-07-12 01:31:06 +0000"
    },
    "done": true
  },
  "twilightdelight:recipes/frozen/cutting/ice_bow": {
    "criteria": {
      "has_bow": "2024-07-12 01:43:07 +0000"
    },
    "done": true
  },
  "minecraft:story/root": {
    "criteria": {
      "crafting_table": "2024-07-12 01:27:42 +0000"
    },
    "done": true
  },
  "betterend:recipes/decorations/dragon_tree_sign": {
    "criteria": {
      "has_stick": "2024-07-12 01:27:51 +0000"
    },
    "done": true
  },
  "supplementaries:recipes/flags/flag_lime": {
    "criteria": {
      "has_stick": "2024-07-12 01:27:51 +0000"
    },
    "done": true
  },
  "everycomp:recipes/decorations/af/biomesoplenty/dead_bench": {
    "criteria": {
      "has_planks": "2024-07-12 01:27:38 +0000"
    },
    "done": true
  },
  "betterend:recipes/decorations/dragon_tree_chair": {
    "criteria": {
      "has_stick": "2024-07-12 01:27:51 +0000"
    },
    "done": true
  },
  "DataVersion": 3465
}